item_id,popularity
730,43279
4000,42074
550,34899
304930,34465
105600,28541
620,22696
218620,22378
240,21671
72850,21642
230410,21087
49520,20144
301520,17169
218230,16855
252490,15720
400,15424
227940,15303
220,14824
219640,14811
8930,14279
8190,13904
208090,13854
33930,13674
236390,13553
1250,13286
333930,13072
55230,12836
24240,12702
33910,12475
224260,12281
22380,11774
304050,11730
219740,11390
252950,11232
322330,11061
221100,10824
42910,10721
113200,10650
200210,10592
243870,10577
204360,10559
222880,9824
91310,9776
211820,9535
8870,9511
291550,9482
238960,9394
212680,9088
265930,8939
206420,8901
377160,8868
12210,8808
224540,8715
271590,8488
224580,8421
17410,8290
233720,8170
221380,8162
265630,8126
200710,8114
104900,8112
238460,8076
99900,8007
346900,7999
6060,7998
209870,7998
203160,7984
346110,7884
40800,7813
63380,7681
220240,7667
107410,7618
363970,7485
8980,7446
219150,7427
204300,7389
248570,7277
244850,7187
202990,7169
7670,7157
203140,7156
291480,7148
222900,7086
20920,7044
43110,7008
205100,6991
200510,6857
31280,6842
380,6825
340,6782
212910,6664
323370,6649
242760,6585
48700,6450
273350,6373
211420,6346
113400,6324
201790,6301
233450,6221
209080,6198
386360,6196
35450,6138
221910,6110
202970,6105
271290,6062
420,6048
10,6038
4920,5984
65800,5840
107100,5746
207610,5741
22370,5698
312990,5573
10190,5569
248820,5567
48000,5549
210770,5435
200260,5425
250900,5398
42700,5397
70,5369
220200,5368
218680,5356
320,5323
109600,5320
241930,5281
223710,5258
57300,5243
42710,5196
113020,5172
500,5153
202090,5107
239220,5099
261640,5078
10180,5069
236110,5047
239820,4987
2400,4963
239030,4942
24740,4930
223470,4927
207140,4925
346010,4918
295110,4902
253710,4861
35140,4745
34330,4740
17080,4718
42690,4694
255710,4656
273110,4655
51100,4617
251570,4615
282440,4597
35720,4588
24960,4572
234710,4550
42680,4494
15620,4483
391540,4416
70000,4397
206210,4381
108800,4358
202170,4343
317360,4312
224600,4311
226700,4278
12220,4259
227300,4247
221640,4161
12900,4153
216250,4118
214560,4105
232090,4095
20900,4079
227700,4067
32370,4036
91600,4026
105450,3984
12120,3973
238430,3947
417860,3922
262410,3890
39120,3873
214420,3858
226320,3827
28050,3821
9480,3811
213670,3785
219540,3730
41070,3719
300,3709
292030,3709
224760,3703
8850,3681
80,3656
205790,3650
299360,3634
242920,3629
413150,3625
56400,3582
22330,3565
209000,3545
10090,3541
241600,3520
50620,3504
104700,3498
231430,3494
206500,3489
17390,3474
233270,3463
302830,3411
214950,3388
239140,3368
57690,3357
241540,3346
42160,3324
233250,3308
319630,3288
212800,3248
10500,3235
50300,3208
17470,3185
311210,3176
39000,3172
250400,3070
200170,2988
4560,2969
43160,2932
238010,2929
206190,2917
228200,2898
50650,2897
282070,2894
110800,2855
365720,2852
201810,2846
286160,2837
204100,2829
219890,2827
216150,2803
102600,2792
4570,2785
20570,2783
280790,2781
50130,2777
35420,2777
33230,2748
298630,2748
225840,2737
212070,2731
355840,2713
108710,2709
264140,2688
335240,2686
247730,2680
239160,2649
242720,2640
22300,2629
20,2627
355180,2626
221260,2625
261030,2625
237110,2621
17460,2612
208580,2612
6860,2589
246620,2584
274190,2560
374320,2544
359550,2540
296470,2540
319510,2540
238320,2535
12200,2520
41500,2515
72200,2513
220780,2511
209170,2510
11020,2507
6020,2496
237310,2496
310380,2493
55150,2481
205930,2473
242050,2446
264710,2445
246280,2442
230050,2438
203290,2432
207230,2424
48720,2417
239350,2413
222730,2405
268420,2401
225260,2392
24980,2383
287700,2373
245550,2368
245170,2366
233130,2365
34030,2363
19900,2358
383080,2358
266840,2356
4760,2354
3590,2347
433850,2339
34270,2321
4700,2321
339610,2312
3830,2309
249130,2306
21100,2299
203770,2297
47790,2289
250420,2282
113420,2253
108600,2252
234140,2241
236830,2221
244930,2220
209160,2217
55110,2209
253030,2208
236430,2208
220860,2205
20500,2204
9450,2178
250320,2176
264200,2173
379720,2170
269210,2166
238090,2163
22320,2156
2420,2151
32800,2151
212500,2148
9900,2147
227100,2144
242700,2143
212160,2135
47810,2127
35700,2117
63710,2108
313120,2104
242860,2104
6000,2103
65790,2102
212480,2100
389570,2097
9200,2096
239070,2093
215470,2091
47830,2088
47870,2088
94400,2086
65980,2082
208480,2076
237930,2050
225540,2050
349700,2048
17300,2043
92800,2034
10680,2030
234190,2028
270550,2021
298240,2021
268500,2007
359320,2005
344760,2002
274940,1997
286690,1986
209660,1977
265210,1976
391460,1970
12110,1967
306830,1957
4540,1957
239450,1956
236090,1952
431240,1948
4580,1940
302380,1929
50,1908
224480,1907
32470,1905
381210,1900
48190,1898
22000,1897
44350,1896
204880,1893
47890,1869
6910,1869
26800,1868
40100,1862
263760,1861
268750,1859
266430,1849
24780,1849
437220,1843
382490,1836
65930,1835
130,1835
316010,1834
298110,1820
385770,1816
243470,1814
100,1805
32430,1803
41000,1800
286100,1796
215080,1796
298260,1795
335330,1793
204080,1790
209650,1785
34900,1784
211500,1779
310370,1765
204450,1763
214490,1759
67370,1756
22600,1731
275850,1724
407530,1723
330830,1708
223750,1702
316390,1700
280,1693
372000,1686
346120,1686
239660,1674
45740,1673
109400,1665
262060,1663
91700,1655
234390,1655
287390,1651
7940,1648
98200,1643
4500,1642
225140,1642
293540,1640
364360,1638
70300,1638
335300,1631
427730,1626
218130,1623
211400,1623
15700,1621
261180,1618
22100,1607
247910,1597
208140,1597
317400,1593
339280,1591
334230,1591
305620,1579
236850,1573
9340,1572
48240,1562
356670,1561
246900,1559
289130,1558
39140,1554
244630,1550
102500,1548
2700,1537
207170,1532
427520,1530
306130,1529
15100,1528
369200,1525
204030,1517
45760,1516
242880,1512
293260,1510
24800,1507
1520,1505
235600,1502
380600,1500
206440,1500
96100,1493
44320,1490
286080,1487
213850,1485
317470,1480
258160,1477
22230,1472
212180,1472
315640,1466
250180,1465
227680,1458
218060,1453
49600,1451
20540,1450
444640,1447
245620,1445
255520,1440
21090,1434
33460,1431
201870,1430
47410,1430
107900,1428
427270,1426
238210,1425
235540,1423
294860,1417
214770,1411
34870,1406
365590,1402
235460,1390
22350,1389
225080,1388
107200,1385
55100,1382
213650,1380
360,1377
201570,1375
38400,1373
311690,1368
220440,1365
219830,1360
205950,1359
326460,1357
6030,1355
65700,1350
365670,1348
311340,1348
247080,1346
11610,1345
23490,1345
205350,1344
287450,1340
223530,1338
285900,1336
13210,1335
234670,1332
332800,1331
65720,1329
230230,1329
263280,1324
47780,1321
249050,1318
17480,1315
223390,1312
339800,1310
232210,1309
221040,1306
9310,1300
91200,1299
242680,1299
234650,1299
9420,1298
307780,1297
200900,1295
327890,1291
13520,1285
224060,1284
205910,1271
304030,1271
224420,1268
30,1266
24720,1265
34830,1265
16450,1264
214790,1258
57900,1258
424280,1258
245470,1253
228380,1245
32500,1244
11450,1244
41700,1243
375950,1240
241640,1238
225600,1238
330840,1234
21690,1234
220260,1228
225420,1226
208650,1223
218640,1217
277430,1211
442080,1207
12750,1201
98800,1200
24860,1199
215530,1196
323470,1194
208200,1193
233150,1191
220160,1191
203810,1186
257730,1185
6880,1173
325610,1169
107310,1163
253980,1159
220700,1156
321040,1156
444560,1153
236370,1147
12100,1141
10150,1139
281990,1135
250760,1130
227480,1109
71340,1106
444090,1100
342200,1097
322170,1096
250600,1095
33220,1094
97000,1089
202750,1085
32440,1078
33900,1077
2430,1072
70600,1069
49540,1064
17710,1064
301910,1060
55140,1060
204340,1058
17570,1057
313340,1054
214190,1053
8600,1052
32400,1050
9880,1050
376570,1048
258970,1043
1510,1043
341800,1043
3900,1041
6850,1040
359050,1037
238590,1034
303390,1034
6900,1033
214360,1033
18500,1033
233470,1023
232430,1019
352460,1017
17450,1013
301640,1010
233740,1009
274170,1008
257750,1007
318430,996
222980,996
466910,993
265550,992
332070,992
257510,986
307690,985
261570,981
65300,975
105400,972
99810,972
222750,972
263540,970
231740,969
24010,965
203630,962
7520,958
332310,957
367500,957
251060,957
404410,955
231160,955
312530,954
3920,949
278360,948
200010,948
249990,944
232810,942
238370,942
218740,939
58610,939
313740,936
214830,932
205230,931
63200,931
204060,931
244450,930
314160,928
244160,927
307290,926
41800,926
322500,925
290930,923
302510,923
332500,923
380840,923
270450,922
204630,922
238070,922
291210,921
247020,920
217200,920
211600,916
263980,916
38410,915
4550,914
12140,913
60,913
394230,912
345520,911
206480,908
238240,906
264360,904
19680,904
236510,901
102840,898
299460,896
12810,896
215280,893
40390,892
38830,892
209270,891
362890,891
291650,891
373420,889
274900,889
97330,888
368730,884
383870,881
251670,877
57400,877
214510,872
393420,872
235800,872
409160,869
252410,869
253430,865
234310,862
274920,857
292120,856
41300,855
115320,853
219680,852
272860,852
239200,851
449140,851
237990,849
342980,848
255220,848
233840,846
341720,846
228300,845
248610,844
95300,843
96300,842
232910,842
393380,841
349480,839
17430,838
2600,835
225160,832
39160,832
391220,827
9350,827
209540,824
1200,823
315430,823
104200,822
251990,821
268850,820
8500,818
23310,817
105430,817
93200,815
386070,814
256410,813
231060,811
263500,810
301970,810
367540,809
38740,809
207650,809
290080,807
212630,806
3700,806
35480,805
418340,804
244770,804
39210,803
250260,802
13230,800
254700,797
252330,794
17440,792
214340,792
13140,792
294100,791
209830,791
20510,790
285580,787
25890,786
249870,786
94200,785
284160,784
9930,780
250340,779
233630,776
115100,776
307880,776
201700,775
266010,773
233290,773
297020,772
274310,772
219990,770
304650,768
288470,768
214550,766
20530,763
227860,761
329380,761
39800,761
237870,761
236450,761
15120,761
12830,759
70400,758
9050,758
207250,758
323320,754
257710,753
282800,748
260230,746
223850,745
25000,744
282900,743
26900,735
244870,735
233980,735
263060,732
251170,729
266510,729
244730,726
313160,725
6980,724
214970,724
333950,723
434570,719
111800,715
241720,715
224500,714
244210,712
40700,711
96800,711
324810,710
263440,709
21170,708
462930,708
214870,707
2310,703
247120,702
63700,700
55040,700
221020,699
29180,697
204240,695
111900,694
270150,694
22200,693
26500,693
64000,692
231140,689
266210,688
268650,688
256290,688
3910,688
2280,685
212200,685
354140,685
270370,684
305260,683
217140,683
115110,682
240760,680
228280,678
299740,674
17330,674
242590,674
394360,674
33440,673
1500,673
1930,671
368230,667
207080,667
47400,666
40,666
356570,666
433340,665
8660,664
247000,663
245490,662
38700,662
496920,657
102700,656
209190,656
227240,655
232010,655
253900,652
235250,650
227280,649
24790,648
227180,648
300550,646
104600,646
97100,645
303210,644
289650,644
11390,644
224960,642
316790,641
31290,641
353360,640
32380,638
390670,638
98400,637
350080,636
215510,636
9010,635
213610,634
38720,634
48220,632
337950,631
269390,629
12150,629
2270,629
12840,628
218330,628
18700,627
272510,626
214250,625
226840,625
407840,621
223220,619
337000,618
226980,618
246700,616
268050,615
283290,614
21970,612
15710,608
218820,607
35460,606
234630,606
270170,595
2300,594
42120,594
207690,593
45700,593
250580,590
270850,590
44340,587
277950,587
35130,587
346330,587
333600,586
232770,586
38600,585
39150,584
6120,584
222480,583
45770,582
298520,582
387860,581
13240,580
107300,579
204180,577
293500,577
255420,576
246420,575
208610,574
293560,574
281690,574
29800,572
221680,571
274290,571
2500,571
42960,570
8140,570
298160,570
91900,569
267530,568
285160,568
218470,567
49470,566
42650,566
387990,563
40300,563
71250,562
265300,562
361630,562
287980,561
8800,559
394510,558
250500,558
2200,555
25800,555
201280,555
278460,554
3480,554
417890,553
428690,552
287290,551
353130,551
232790,551
58520,550
202200,550
40400,549
297130,549
215670,549
99700,549
312280,546
398710,546
203730,545
360740,544
280740,544
2990,543
238280,542
365450,541
261760,540
374570,540
63000,540
2100,539
257400,539
32350,537
360870,535
15560,534
3720,533
351640,532
20820,532
7760,530
342480,530
370240,529
351800,528
242640,526
72000,526
213330,526
246580,525
216890,525
335150,525
238260,525
17020,523
301480,523
370100,522
298600,522
41050,521
12710,521
2630,520
388090,520
28000,520
223650,519
254440,518
98300,517
1280,516
222940,516
47700,514
394310,514
275490,514
107800,513
207210,513
16730,512
282660,511
234160,510
70100,510
310080,510
8000,509
12250,508
418070,508
32360,507
260410,506
2820,505
310560,503
238910,502
331470,501
20550,501
225280,500
300040,499
243950,498
290790,498
34010,498
291410,497
240320,496
312150,496
92100,496
402840,494
278080,494
242110,492
211160,491
293180,491
38420,491
92000,490
338170,489
213120,488
200390,485
241240,485
264380,485
243450,483
208730,483
22180,483
211260,482
338540,482
253650,482
262150,481
205890,478
416690,478
252630,478
320300,477
2320,477
372800,476
231040,476
78000,474
111400,474
376870,471
248390,470
228760,470
225640,470
24840,469
313690,467
393410,467
6920,466
246090,464
299700,463
7830,463
7600,463
243970,462
234490,462
202710,462
291010,462
96400,462
364420,462
300080,461
306020,460
257850,460
331670,459
388410,458
222520,456
1530,456
495910,455
42170,455
241560,455
242570,455
317410,454
7510,454
365300,454
32390,453
337320,450
248650,448
203750,447
461560,447
230290,447
235210,445
233610,445
233700,444
3730,444
208520,443
270880,443
338000,442
57600,439
63500,439
356310,438
219780,438
304270,435
211360,435
15750,435
290140,435
259530,435
239800,435
264730,433
244070,432
264240,430
207570,430
302270,430
295550,429
249630,427
323850,427
383120,425
243120,425
383980,425
385800,425
39530,424
9180,424
409710,423
95400,422
226720,422
285840,421
40950,421
211580,420
249650,420
343360,419
367450,419
2210,418
263300,417
274560,416
3483,414
407510,414
200940,414
31410,413
244710,413
12360,413
395520,413
250460,411
331710,411
363680,410
232750,410
221810,410
354240,410
272890,410
292380,410
207490,409
220050,409
15740,408
218310,408
236870,408
215690,408
282350,407
22120,407
251470,406
18110,403
328060,403
215100,402
369580,402
261110,402
397460,401
2290,401
222140,400
8400,400
227580,398
274270,398
407250,397
287920,397
201480,396
227160,396
266150,396
282140,396
258180,396
2620,396
438040,396
252150,395
314020,395
105800,394
35000,392
251870,391
258520,391
22650,391
227220,390
237890,390
21110,390
220460,389
360170,389
272060,387
335670,386
253250,386
202530,386
326410,386
286340,386
266110,385
297120,384
308420,383
15520,382
213030,381
244590,380
4770,380
7000,379
272470,379
341190,379
341500,378
207750,378
233860,378
40970,378
220820,378
214850,377
45100,377
314660,377
313730,376
339120,376
17340,375
266130,375
383580,374
294160,374
209670,373
236730,371
96200,371
420790,370
207930,369
108500,368
336670,368
265770,368
368500,368
359800,366
380360,366
274250,365
228400,365
39650,365
403190,365
31270,365
244090,365
32510,364
49900,364
368360,364
13570,363
251630,363
235340,362
260430,361
320140,359
496300,359
209790,359
24870,358
255070,357
247240,357
393530,357
111600,357
99300,356
48950,356
6550,355
360760,354
16810,354
224820,353
230980,353
315880,352
45750,352
208500,350
41210,350
207430,350
468560,350
201420,349
41100,349
21000,348
315260,348
217690,348
211740,346
286040,346
248310,346
295790,346
212390,345
335430,345
351140,345
397340,345
234000,345
200910,345
65730,344
475150,344
237740,344
201230,343
224220,342
37420,340
344040,340
73010,340
228440,340
246070,339
263620,339
285310,339
242550,339
9870,338
22610,338
226740,338
18000,337
245280,337
228260,337
266070,337
258050,336
306040,336
8080,336
241410,336
39190,335
70620,334
99910,334
236150,334
223830,334
8200,334
242820,333
202270,332
21130,332
247430,332
201310,331
257350,331
12170,331
207420,330
436150,330
459820,329
385200,329
354850,328
423880,328
245130,328
11200,327
204220,326
234080,326
251730,326
32420,326
31220,326
220660,325
39690,325
271240,325
9070,324
209330,324
371660,324
434730,323
290300,323
211440,322
310950,322
312610,322
378120,321
45400,321
8170,321
305050,321
292630,320
230190,320
257890,320
329950,319
46540,319
296910,319
6220,319
295690,318
227320,318
285330,318
338180,318
98600,318
226860,317
2450,317
285920,317
219600,316
287120,315
290340,315
319910,315
21120,315
284460,314
243780,314
381120,314
322920,313
21660,313
15320,313
230700,313
452780,313
271860,312
263020,312
352400,312
12800,312
311560,311
275670,311
375600,311
307070,310
234900,309
368900,309
3540,309
257120,308
293780,308
42500,307
39200,307
347560,307
254200,307
209120,306
242800,306
29720,306
272350,305
374040,305
271570,305
373110,305
221080,305
249330,305
373680,304
404730,304
321360,304
350280,304
474750,304
315460,303
397620,303
502550,302
258700,302
207350,302
368990,302
201290,301
282760,301
9500,301
363600,300
49800,300
9460,300
304240,300
345180,300
413850,299
269770,298
205610,298
301750,298
289090,297
248860,297
21980,297
224860,297
6100,297
208750,297
295270,297
268870,296
292140,296
236690,296
13250,295
397100,295
405640,295
67000,294
41060,294
292230,294
11280,293
214700,293
251970,293
302610,293
227080,291
232950,291
18820,290
329130,290
270210,290
237630,290
265890,290
223630,289
340810,289
204530,289
255480,289
275470,289
16720,289
359870,289
206980,288
13560,288
391270,288
422970,288
297810,288
250620,287
331600,287
218170,286
270570,286
354200,285
375820,285
306660,285
243800,284
290770,284
292410,284
13600,283
24810,282
443580,282
314010,282
253530,281
91100,281
284950,281
228960,280
314280,280
203210,280
6830,279
223670,279
36630,278
275100,278
331440,278
433950,278
24420,278
351570,278
386940,278
295710,277
200370,277
330760,277
307230,277
345650,276
354640,276
356040,276
94500,276
255370,275
314450,274
70120,274
340350,274
107400,273
108200,273
321480,273
224460,273
231670,272
356370,272
57740,271
322910,271
382240,270
47920,270
239430,269
9160,269
259680,268
368370,268
15170,268
440090,268
426000,268
362300,267
327410,267
320240,267
394380,266
395980,266
428430,266
247660,266
250560,266
15540,265
37400,265
227260,265
336510,264
201830,264
412880,264
243930,264
510050,264
355150,264
219340,263
232450,263
334040,263
342380,263
1230,262
314000,262
4720,262
240380,262
8880,261
400240,261
394690,261
219870,260
221540,260
15500,260
7200,259
344850,259
286120,258
248630,258
274980,258
400250,258
212010,258
227720,258
205730,258
299860,258
364690,257
296050,257
201760,257
80310,256
233230,256
347830,255
214590,255
227780,254
2870,254
96000,253
61600,253
391260,253
321260,253
386880,253
205650,252
349040,251
6840,251
10220,251
39680,251
219200,251
209100,251
70110,250
6800,250
290730,250
491130,250
17580,250
340050,250
36620,250
304430,249
351710,249
212580,248
12180,247
341310,247
208600,247
63940,246
92300,246
46500,246
218410,246
244050,246
219190,246
296970,246
226120,245
368950,245
42640,245
383150,244
209730,244
258200,243
71230,243
361280,243
280220,242
202730,242
2760,242
3990,241
250700,241
393360,241
207890,241
247830,241
278970,240
433350,240
19980,240
111100,239
16600,239
407120,239
300570,239
205550,239
229580,239
385710,239
360640,238
330350,238
224440,238
234330,238
373180,238
57650,238
392870,237
252870,237
251130,237
230150,236
22340,236
269490,235
202310,235
264120,235
105300,235
427920,235
264690,235
300380,234
327640,234
25700,234
65740,234
351970,234
397550,234
278910,234
48800,234
314250,233
277590,231
329490,231
300970,231
313020,231
318020,231
48210,230
2640,230
70420,230
299720,230
349720,230
331120,229
286360,229
232890,229
346250,229
295930,228
251150,228
234530,228
314700,228
412940,228
7110,228
252350,227
237570,227
276810,227
375230,226
289760,226
235820,226
329430,225
223510,225
220740,225
32460,225
375460,225
2810,225
16700,225
391070,224
267980,224
107600,224
98100,223
340170,223
306410,223
209370,223
91330,223
36000,223
318220,223
409510,222
206370,222
314410,222
12240,221
27940,221
21910,221
288160,221
209060,221
415860,221
70660,220
227200,220
370360,220
438680,220
45300,219
384360,219
326480,219
275390,219
31170,219
63800,219
65780,219
62000,218
244810,218
208670,218
357480,218
252670,218
24670,218
2590,217
258890,217
1900,217
447820,217
339600,216
2130,216
249380,216
41900,216
234940,216
3320,216
252030,216
329050,216
323060,215
271640,215
450390,215
34190,215
296490,214
22140,214
225300,214
443810,214
263420,214
12160,214
40930,214
2350,213
94510,213
432020,213
267490,211
8210,211
267550,211
207150,211
259780,211
49400,211
40380,211
429570,211
6200,210
367580,210
310790,210
102820,210
353560,210
243360,209
348460,208
9060,208
271820,208
43000,208
378370,208
61310,208
204560,207
220900,207
33420,207
15130,207
211050,206
361640,206
281370,206
277890,205
245390,205
273070,205
268240,205
206690,205
238890,205
207040,205
108700,205
258010,205
291150,204
25900,203
235620,203
314970,203
246110,203
351290,203
388870,203
416130,202
282210,202
210970,201
255870,201
205190,201
307170,201
342580,201
251530,201
229810,200
223430,200
21680,200
214610,200
209520,200
449540,200
13580,199
94520,199
253630,199
381990,199
229520,199
13540,199
277930,198
400040,198
343710,198
95000,198
346940,197
333980,197
233190,197
13200,197
435060,197
6510,196
400430,196
7660,196
202130,196
249590,195
232050,195
9860,195
356130,195
112100,195
253370,195
15190,195
10130,195
208030,195
203650,195
289690,194
214170,194
343630,194
373330,194
115120,194
397060,194
245150,194
269030,193
360480,193
259130,193
207370,193
15390,193
244030,193
297000,193
6870,192
241320,192
226620,192
343100,192
23530,192
212030,192
403740,191
259390,191
225360,191
11240,191
407230,190
271670,190
217060,190
71000,190
404480,190
220090,190
45450,190
260210,189
329110,189
215870,189
498240,188
24400,188
235360,188
345350,188
370510,188
267920,187
219910,187
229870,187
251690,186
363620,186
299260,186
265590,186
416270,185
367120,185
302080,185
240460,185
242530,185
265120,184
367670,184
420110,184
263740,184
434110,184
15300,184
283680,183
287340,183
225320,183
302670,182
201510,182
343330,182
211120,181
274230,181
311480,181
317110,181
42140,180
57640,180
204140,180
356330,179
99830,179
259620,179
216910,178
258590,178
239840,178
344750,178
18040,178
410590,178
13510,177
375510,177
6370,177
413170,177
372540,177
248550,176
237430,176
239120,176
230860,176
389430,176
18300,175
283640,175
62100,175
413410,175
94530,175
231200,174
265610,174
227560,174
71270,174
223810,174
328760,174
261530,174
47900,174
280040,174
48180,174
317820,174
449040,173
354380,173
18070,173
338050,173
354500,172
39500,172
201210,172
263360,172
314420,172
19830,171
363490,171
362070,171
327860,171
412470,171
414730,170
262390,170
283880,170
249230,170
326180,169
479130,169
253110,169
293940,169
328070,169
253940,169
237850,169
31100,169
343450,168
231310,168
46410,168
33320,168
18400,168
102200,168
364270,168
45000,168
356500,168
353270,168
253510,167
314230,167
313080,167
382120,167
23450,167
397500,167
360940,166
217920,166
324080,166
55370,166
33520,166
342570,166
405980,166
6310,166
264280,166
7860,165
248530,165
224920,165
9940,165
269910,164
7650,164
493370,164
399790,164
294020,163
270050,163
431270,163
402180,163
235900,163
22450,163
31230,163
360730,162
347430,162
11360,162
410210,162
437900,162
264540,161
45500,161
442710,161
340150,161
11330,161
8220,161
270630,161
339200,161
318100,161
348620,161
319180,161
222660,161
355000,160
73020,160
232150,160
94590,159
399670,159
210170,159
44200,159
228560,159
11590,159
359310,158
467820,158
312210,158
23120,158
21670,158
262690,158
262280,158
394970,158
209710,158
385830,158
70900,158
228880,157
281610,157
292910,157
327510,157
251910,157
58540,157
7770,157
388490,156
25500,156
235400,156
324680,156
317710,156
360380,156
46420,156
385730,156
31700,156
398680,156
351490,156
387970,156
247140,155
310510,155
391420,155
58550,155
293860,155
248350,155
61700,155
384980,155
301460,155
395200,155
3270,155
391740,154
205060,154
411180,154
48900,154
207730,154
253290,154
256190,154
207400,154
409670,154
332360,153
270090,153
448460,153
345820,153
369400,153
321150,153
297210,153
366890,152
427250,152
265650,152
343740,152
357900,152
349580,152
434260,152
396160,152
264300,151
429680,151
269110,151
449630,151
38220,151
449220,150
246840,150
391720,150
35010,150
320590,150
233550,150
3390,150
217100,150
257830,150
231720,150
266310,150
241910,150
366440,150
13640,150
399430,150
238170,149
365050,149
3020,149
25980,149
287100,149
216110,149
261510,149
218510,149
402570,149
352160,148
3130,148
323580,148
8260,148
41730,148
383330,148
331500,147
340460,147
216260,147
33340,147
293760,147
323380,147
429790,147
342370,147
262830,147
259550,147
72300,147
293010,146
362620,146
37000,146
252110,146
360150,146
304410,146
222710,146
80200,146
432150,146
410380,145
357780,145
252310,145
248470,145
457420,145
42990,145
271900,145
243040,145
11340,145
12500,145
262120,144
2360,144
297110,144
58510,144
335820,144
203250,144
422100,144
12230,143
351790,143
209950,143
19200,143
296070,143
424830,143
94600,143
3170,143
300580,143
215160,143
346180,143
294810,143
205080,143
21760,142
365070,142
405900,142
34600,142
378100,142
40990,142
73210,142
328600,142
307350,142
361800,142
229480,142
263320,142
307640,141
6810,141
211340,141
344910,141
381810,141
205710,141
216390,141
403900,140
27000,140
13500,139
387340,139
506140,139
366250,139
312640,139
272040,139
321840,139
31240,139
70640,139
249680,139
223730,139
436110,138
377840,138
257170,138
438640,138
12320,138
262550,138
219700,138
240970,138
2390,138
21900,138
384490,138
210550,137
57200,137
9000,137
385370,137
384180,137
241660,137
267750,137
521570,137
364110,137
275200,137
18020,137
383030,137
249950,137
400170,137
301190,137
90200,136
65540,136
345390,136
228320,136
282100,136
260250,136
438270,136
2540,136
283230,136
300220,136
226960,136
247370,135
405950,135
251850,135
302010,135
356640,135
283660,134
329790,134
238750,134
37600,133
225020,133
292620,133
473770,133
327140,133
46260,133
8240,133
325600,132
253750,132
218450,132
441870,132
227600,132
355520,132
243160,132
259600,132
94300,132
226580,132
311870,131
265750,131
258090,131
329440,131
263820,131
47800,131
249360,131
11420,131
339470,131
34440,131
318530,131
212700,130
247350,130
283390,130
296770,130
230820,129
46450,129
388060,129
204120,129
33680,129
341940,129
391780,129
57800,129
298030,129
269270,128
71240,128
332200,128
10430,128
209690,128
50510,128
351470,128
405310,128
469990,127
241260,127
214630,127
240160,127
203510,127
361190,127
317780,127
283960,127
277870,127
492800,127
13530,127
464780,127
57620,126
411560,126
342620,126
205070,126
268540,126
234290,126
31250,126
469730,125
287260,125
300300,125
231330,125
238050,125
223100,125
310060,125
366760,125
357280,125
294140,125
325420,124
447850,124
403560,124
55000,124
485380,124
296830,124
317510,124
31180,123
201490,123
33670,123
70650,123
90530,123
385240,123
446020,123
448280,123
207380,123
422250,122
252010,122
45410,122
416080,122
289950,122
261700,122
24480,122
323900,122
253330,122
312750,122
285440,122
420740,122
263560,122
376300,122
257050,121
356200,121
274620,121
65530,121
80330,121
214640,121
362490,121
275610,121
267060,121
487220,120
363440,120
412400,120
15370,120
383790,120
285010,120
449800,120
370090,120
413710,119
247950,119
40720,119
339230,119
318230,119
31260,119
391730,119
376210,119
311310,119
19800,119
246300,119
99890,118
388080,118
7730,118
22310,118
262790,118
434420,118
357300,118
365770,118
352700,118
215710,117
440740,117
248970,117
41740,117
280910,117
447880,117
410320,117
73170,117
305280,116
46510,116
102850,116
338320,116
205870,116
21800,116
207320,116
259740,116
269890,116
273500,116
296870,115
280520,115
212110,115
421040,115
438180,115
252270,115
300540,115
321110,115
39510,114
227000,114
2840,114
326190,114
381560,114
260790,114
236790,114
3620,114
316430,114
254060,114
255300,114
203830,114
438030,113
27920,113
495890,113
325090,113
345220,113
305640,113
457940,113
290890,113
378720,113
312840,113
239250,113
242980,113
410560,113
312630,113
466170,113
207530,112
233530,112
280320,112
233510,112
46440,112
430440,112
274520,112
326960,112
250110,112
512470,112
9800,112
294230,112
214910,112
230650,112
319050,112
289780,112
351510,112
293840,111
314240,111
221790,111
276890,111
200230,111
319550,111
347160,111
384190,111
215120,111
289930,111
241620,111
25010,110
46430,110
3710,110
342150,110
73230,110
297490,110
253470,110
434010,109
237590,109
8340,109
252170,109
58200,109
200330,109
268220,109
218090,109
275080,109
340650,108
343750,108
278930,108
330580,108
233350,108
46000,107
32200,107
291130,107
8250,107
331790,107
215790,107
387290,107
242780,107
46400,107
8270,107
310360,107
44310,106
348670,106
211280,106
307050,106
313130,106
301200,106
43190,106
246980,106
319560,106
375200,106
360650,106
246960,106
269790,105
31190,105
71390,105
357070,105
33530,105
292370,105
426790,105
385070,105
250030,105
240200,105
312780,105
334030,104
80000,104
244890,104
319570,104
92600,103
332570,103
371390,103
39550,103
392050,103
482920,103
416170,103
230270,103
292570,103
274350,103
47540,103
263200,103
248190,103
254000,103
266030,103
269250,103
262900,103
39670,102
243220,102
399660,102
227060,102
104000,102
226100,102
258910,102
439700,102
262260,102
386690,102
371420,102
215930,102
325180,102
282880,102
253920,101
298180,101
339350,101
317040,101
268830,101
298050,101
315600,101
263400,101
409690,101
61100,101
278620,101
22490,101
9040,101
215630,101
302710,101
259510,101
290830,101
250520,100
413420,100
277450,100
444250,100
340300,100
251430,100
328500,100
267600,100
463210,100
63950,100
200550,100
1700,100
410670,100
4520,100
263840,100
224980,100
349500,100
269370,100
380770,99
277500,99
294440,99
324570,99
40420,99
95900,99
257970,99
317620,99
316600,99
39660,99
65560,98
8890,98
58230,98
214570,98
383230,98
427780,98
413855,98
22670,98
205530,98
315810,98
262750,97
408330,97
33180,97
336420,97
216090,97
249610,97
8280,97
359960,97
65600,97
310070,97
307090,97
266330,97
423710,97
237950,97
340540,97
250380,97
323220,97
429300,97
313010,96
31200,96
292180,96
33130,96
343780,96
44360,96
338930,96
219950,96
33210,96
105000,96
311730,96
311700,95
214100,95
217860,95
39540,95
235720,95
409720,95
269050,95
367570,95
24470,95
203850,95
321950,95
26000,95
255320,95
7610,95
15210,95
252570,95
461640,95
299780,95
19000,95
271920,94
362610,94
308040,94
343440,94
232970,94
23400,94
12770,94
340730,94
282010,94
367270,94
260130,94
438490,94
382300,94
63910,94
230840,94
340310,93
308000,93
339160,93
407900,93
284850,93
38900,93
362680,93
258760,93
240180,93
454060,93
371180,93
269670,92
429470,92
302590,92
234920,92
375910,92
18120,92
348020,92
457550,92
449680,92
266490,92
278570,92
265380,92
321400,92
363890,92
489220,92
422630,91
314830,91
390520,91
269230,91
287580,91
261880,91
235070,91
434610,91
340070,91
284770,91
253880,91
281220,91
410110,91
365660,91
205990,91
388880,91
306350,91
361990,91
259700,91
33570,91
428950,91
252370,91
290280,91
265870,91
3370,90
377330,90
253610,90
252250,90
248290,90
265330,90
246680,90
282590,90
25990,90
231910,89
332480,89
328940,89
98500,89
277490,89
42890,89
337420,89
311250,89
57680,89
385890,89
222420,89
454600,89
243200,89
342300,89
275530,88
327030,88
80350,88
412170,88
203350,88
319250,88
477290,88
401190,88
269310,88
259470,88
291330,88
245370,88
201040,88
377310,88
354510,88
358090,88
217080,88
225000,88
244430,87
259280,87
400370,87
224300,87
204860,87
357340,87
110400,87
314030,87
208400,87
292600,87
304500,87
354290,87
282030,87
267610,87
251370,87
214230,87
428550,86
221300,86
340340,86
224900,86
411830,86
2610,86
466840,86
338390,86
412140,86
200960,86
267340,86
90500,86
359580,86
294000,86
278640,86
486820,86
328730,86
277520,85
252470,85
292390,85
341000,85
331200,85
253410,85
278440,85
375710,85
373770,85
273770,85
3810,85
2800,85
221180,85
94000,85
382110,85
454890,85
256370,85
327090,85
211180,85
418650,85
257990,84
203990,84
222440,84
286200,84
379290,84
9400,84
369000,84
355530,84
225220,84
38440,84
411960,84
284830,84
453980,84
282400,84
339290,83
364050,83
303430,83
284710,83
255280,83
449050,83
2570,83
205590,83
238930,83
280930,83
58400,83
6010,83
299420,83
266170,83
105100,83
263080,82
31210,82
244690,82
392820,82
304730,82
80340,82
11440,82
8290,82
320540,82
12470,82
337630,82
473630,82
341090,82
44100,82
347630,82
275180,82
408740,82
449000,82
304670,81
371200,81
463350,81
370770,81
340280,81
385270,81
270490,81
271500,81
16710,81
253190,81
345120,81
252610,81
386800,81
296930,81
326950,81
393930,81
266450,81
339340,81
357770,81
227760,81
302690,81
242940,81
316830,81
239700,81
348700,80
116100,80
61010,80
6250,80
337410,80
313630,80
8300,80
283430,80
330570,80
448510,80
212410,80
335790,80
211800,80
237760,80
268200,80
473620,80
284870,80
473640,80
299030,80
489460,80
317250,80
25830,80
388420,80
226560,79
448640,79
404790,79
399520,79
1640,79
254040,79
248800,79
233390,79
277470,79
264340,79
205690,79
80360,79
299340,79
383930,79
286940,79
230310,79
46340,79
263100,79
258220,79
371970,79
381780,79
362400,79
251710,78
252450,78
397980,78
361700,78
15380,78
284790,78
253570,78
253690,78
402890,78
403570,78
329830,78
311770,78
329020,78
335840,78
439940,78
203560,78
207020,78
406150,78
346560,78
457930,78
441790,78
218040,77
281200,77
396790,77
330820,77
305980,77
212370,77
1690,77
434250,77
369040,77
92900,77
210870,77
473650,77
252770,77
433210,77
397430,77
485220,77
252730,77
322290,77
238630,76
319970,76
99100,76
351250,76
6600,76
434520,76
46290,76
444480,76
98510,76
48120,76
205090,76
325370,76
228180,75
303800,75
44690,75
265810,75
46520,75
46480,75
44630,75
284810,75
7850,75
284890,75
327310,75
200630,75
438600,75
378180,75
286260,75
461910,75
18050,75
354550,75
202410,75
321870,74
429330,74
414580,74
92220,74
263700,74
387840,74
6420,74
283060,74
48110,74
253490,74
217790,74
46460,74
201190,74
12520,74
421670,74
3820,74
308580,74
412600,74
320150,74
287020,74
49330,73
50000,73
468700,73
265670,73
351990,73
412740,73
410710,73
204840,73
334690,73
340800,73
434120,73
332710,73
264060,73
246400,73
46370,73
341120,73
254020,73
394870,73
354860,73
33600,73
4850,72
388750,72
486360,72
2780,72
322900,72
227380,72
457820,72
71260,72
200190,72
344190,72
400110,72
253770,72
211780,72
384150,72
472680,72
299540,72
209630,72
403690,72
258950,72
310890,72
23380,72
12330,72
267900,71
443080,71
356520,71
313400,71
35500,71
287680,71
447500,71
283980,71
327070,71
463390,71
366800,71
467000,71
451880,71
317300,71
400910,71
6300,71
345240,71
266230,71
292480,71
269570,71
247580,71
262770,70
277680,70
372360,70
259430,70
277510,70
260750,70
225200,70
252910,70
1300,70
46770,70
464700,70
210950,70
281640,70
221360,70
34410,70
460870,70
323610,70
319850,70
305920,70
431710,69
333220,69
345660,69
271730,69
248330,69
372820,69
7530,69
252830,69
403700,69
351630,69
371440,69
307960,69
385880,69
286320,69
33120,69
315070,69
477160,69
264160,69
323720,69
486340,69
223870,69
317440,69
446640,69
224320,69
318600,69
320340,69
249570,69
484950,69
63610,69
363790,69
284750,69
279260,69
358130,69
359810,69
214150,68
394540,68
243280,68
266390,68
214320,68
302060,68
302790,68
413854,68
357600,68
283940,68
377900,68
392060,68
11230,68
242960,68
279990,68
283000,68
224940,68
285800,68
63660,67
307340,67
293740,67
377680,67
34460,67
449020,67
25930,67
317790,67
40960,67
6040,67
63600,67
334070,67
435150,67
414290,67
113900,67
295730,67
330180,67
3260,67
263880,67
227800,67
10170,66
2340,66
311190,66
301540,66
321800,66
436320,66
346810,66
362660,66
392450,66
20840,66
269290,66
298480,66
447530,66
442210,66
33650,66
107430,66
23700,66
321920,66
248370,66
236130,66
389810,66
334420,66
33100,66
422420,66
105700,66
391040,66
259570,65
307670,65
447270,65
242840,65
251830,65
381940,65
303790,65
264560,65
367000,65
421960,65
319450,65
238530,65
6080,65
267360,65
337150,65
15200,65
454930,65
368650,65
286570,65
343270,65
290650,65
350010,65
203680,65
461570,65
248450,65
373970,65
521340,65
329860,64
293240,64
330070,64
404620,64
268320,64
222640,64
3330,64
256330,64
279800,64
32160,64
285820,64
413853,64
233370,64
37800,64
23200,64
297860,64
473580,64
473520,64
252130,63
385080,63
371570,63
315920,63
248710,63
453090,63
259660,63
29650,63
258880,63
326670,63
29160,63
18420,63
250640,63
2550,63
21010,63
73060,63
281860,63
240600,63
416210,63
27900,63
368750,62
200410,62
249190,62
253960,62
306550,62
266050,62
259870,62
106010,62
214730,62
102810,62
342560,62
12790,62
354520,62
29900,62
521200,62
65270,62
348360,62
246740,62
338340,62
322770,62
223450,62
284730,62
334560,62
257630,62
336200,62
212050,62
313650,61
415420,61
200050,61
287220,61
436820,61
63960,61
61500,61
320040,61
262210,61
285420,61
46250,61
377290,61
298560,61
303840,61
235980,61
346850,61
237350,61
42980,61
338760,61
291170,61
454200,61
247870,61
423230,61
9030,61
288370,61
34220,61
455910,60
46560,60
454540,60
42920,60
431500,60
433800,60
442070,60
278530,60
439250,60
10140,60
381020,60
294460,60
275570,60
343090,60
310110,60
202070,60
265950,60
4230,60
288880,60
23420,60
328080,60
467370,60
401810,60
450540,60
333740,60
92200,60
350810,60
229890,60
200350,59
283370,59
331220,59
300340,59
391660,59
209610,59
284390,59
11500,59
109410,59
15400,59
269730,59
290320,59
34820,59
19930,59
352520,59
473560,59
423580,59
398840,59
440760,59
462960,59
407750,59
61730,59
8790,59
43500,59
44680,59
404770,59
335190,58
231990,58
415030,58
105420,58
2520,58
36700,58
386510,58
243380,58
2850,58
11370,58
361670,58
80300,58
377600,58
463220,58
407810,58
452490,58
402020,58
411181,58
201020,58
332790,58
96900,58
407060,58
330270,58
3300,58
337040,58
21780,58
293680,58
218980,58
368720,58
3470,58
318310,58
340200,57
13630,57
361690,57
6210,57
255340,57
7210,57
284200,57
297920,57
38210,57
40980,57
347510,57
16300,57
11250,57
291050,57
281940,57
11170,57
383180,57
519140,57
95500,57
471710,57
259060,57
225760,57
310850,57
245450,57
205020,57
259720,57
371670,57
329460,57
505040,57
304460,57
261470,57
257080,57
334300,57
277460,57
305070,57
233680,57
293900,56
284930,56
43100,56
463180,56
34000,56
329240,56
245050,56
341550,56
251770,56
73220,56
252530,56
414070,56
239410,56
108210,56
262940,56
207190,56
313240,56
95700,56
47730,56
363460,56
257030,56
304290,56
407300,56
413858,56
1610,56
338810,56
360590,55
426750,55
215770,55
21640,55
37700,55
268810,55
227020,55
115210,55
10530,55
460120,55
283180,55
3600,55
46750,55
375620,55
280140,55
32310,55
341730,55
355070,55
438010,55
19840,55
327670,54
2370,54
373700,54
300320,54
211900,54
314710,54
248490,54
352010,54
32340,54
4890,54
397040,54
221200,54
320760,54
324420,54
293880,54
60600,54
379980,54
306930,54
2330,54
328270,54
360950,54
99400,54
253130,54
72900,54
11260,54
260330,54
373440,54
262960,54
260160,54
11480,54
25850,54
12130,54
92210,53
331360,53
380220,53
243000,53
341860,53
1670,53
380580,53
285480,53
267670,53
391170,53
354530,53
47000,53
339790,53
305380,53
32450,53
371510,53
338190,53
253790,53
254320,53
256350,53
280180,53
340220,53
251310,53
109500,53
60800,53
287840,53
365360,53
366530,53
345580,53
319320,53
330390,53
408990,53
383560,53
293320,53
397690,53
398100,52
264320,52
378270,52
354430,52
262590,52
207790,52
397700,52
289400,52
388210,52
45710,52
407330,52
301690,52
303410,52
280560,52
17100,52
265170,52
369990,52
485330,52
326120,52
22130,52
416450,52
358960,52
12690,52
363330,52
270750,52
45730,52
116120,52
272600,52
13620,52
307590,51
346420,51
205810,51
23300,51
312450,51
365810,51
223410,51
408120,51
49300,51
343800,51
20710,51
310470,51
351340,51
449470,51
270760,51
313500,51
312790,51
499440,51
292780,51
373360,51
3410,51
245760,51
289300,51
246760,51
281750,51
294660,51
297290,51
250280,51
297060,51
296710,51
431560,51
413851,51
386700,51
267960,50
294750,50
50820,50
285130,50
243560,50
205270,50
421060,50
411000,50
3800,50
302250,50
366220,50
348550,50
219760,50
61000,50
33730,50
355250,50
345370,50
12510,50
319270,50
247310,50
248410,50
455440,50
45720,50
263460,50
263480,50
57730,50
390290,50
427190,50
306680,50
303690,50
279160,50
242460,50
446750,50
322520,50
397080,50
414080,50
301680,50
428370,50
2545,50
399270,49
405820,49
409380,49
434650,49
33950,49
348470,49
345610,49
338060,49
488280,49
340770,49
324260,49
278890,49
216290,49
314150,49
23500,49
7020,49
449200,49
108110,49
271550,49
335660,49
485000,49
386420,49
285050,49
35070,49
242130,49
281410,49
230070,49
263680,49
306760,49
31110,49
344860,49
413856,49
341870,49
341530,49
352950,49
8350,49
382900,48
292200,48
346680,48
348540,48
289890,48
294040,48
428900,48
349680,48
302310,48
259300,48
360010,48
34920,48
453890,48
21600,48
490230,48
354540,48
260730,48
312920,48
4530,48
234370,48
223490,48
307130,48
331980,48
104020,48
337270,48
345260,48
336520,48
94610,48
336040,48
10000,48
320520,48
32330,48
326730,48
11190,47
491250,47
216370,47
257790,47
407420,47
411186,47
265690,47
61520,47
394680,47
419910,47
259830,47
290040,47
359220,47
287200,47
312720,47
403040,47
438080,47
312370,47
38480,47
222160,47
385260,47
341950,47
322300,47
295770,47
279720,47
285740,47
362090,47
1313,47
209390,47
204390,46
27400,46
228940,46
212780,46
296240,46
260000,46
290710,46
269650,46
312960,46
295850,46
411182,46
280460,46
504980,46
42670,46
286660,46
282530,46
390970,46
259490,46
216130,46
280360,46
411120,46
252550,46
418180,46
209360,46
264220,46
324070,46
485890,46
429050,46
351860,46
398850,46
35800,46
385760,46
324160,46
303510,46
273550,46
442810,45
259170,45
301120,45
250660,45
413859,45
310700,45
287860,45
214130,45
319150,45
439190,45
244410,45
201010,45
37030,45
15000,45
333760,45
449710,45
276730,45
350700,45
254960,45
294370,45
396890,45
279440,45
272670,45
39560,45
457960,45
283040,44
307760,44
233110,44
235320,44
291710,44
343560,44
224740,44
431990,44
71420,44
310740,44
263380,44
359900,44
497850,44
8100,44
527340,44
297100,44
31500,44
338710,44
439910,44
341390,44
246800,44
413690,44
397570,44
40920,44
1630,44
327260,44
212220,44
238870,44
318570,44
254080,44
410820,44
311400,44
7500,44
46570,44
335900,44
371330,43
240620,43
452710,43
370300,43
55020,43
282050,43
243320,43
406310,43
333120,43
272230,43
3010,43
32900,43
10540,43
301300,43
12340,43
375010,43
254100,43
254460,43
273760,43
339130,43
379960,43
416590,43
416680,43
382850,43
211970,43
285500,43
115200,43
263860,43
359390,43
336280,43
217490,43
218020,43
349210,43
453170,43
415480,43
368340,43
230170,43
259890,43
306950,43
200670,43
350740,43
270010,43
299440,42
296510,42
279140,42
261430,42
333970,42
433530,42
302650,42
33110,42
292800,42
286140,42
46600,42
204960,42
291270,42
8650,42
353090,42
340830,42
313480,42
44620,42
265790,42
385490,42
448660,42
305490,42
307270,42
255500,42
346370,42
283020,42
321830,42
102400,42
319740,42
337850,42
234980,42
330000,42
33620,42
286500,41
305740,41
200130,41
233410,41
206740,41
262240,41
206760,41
313590,41
8640,41
373720,41
370590,41
296280,41
336380,41
351150,41
322110,41
263340,41
497860,41
218660,41
353640,41
407680,41
104100,41
340490,41
260190,41
323460,41
12370,41
377140,41
339910,41
421700,41
304350,41
399070,41
269170,41
307600,41
337940,41
410850,41
389870,41
205840,41
396750,41
416030,41
384740,41
204940,41
269330,40
262490,40
349950,40
245410,40
373730,40
290260,40
315840,40
40500,40
362350,40
415270,40
58300,40
390570,40
382890,40
406080,40
343280,40
369890,40
338530,40
380140,40
33610,40
261490,40
504490,40
1600,40
275510,40
448070,40
427980,40
298400,40
331760,40
297740,40
46550,40
343390,40
257770,40
367780,40
265000,40
11900,40
354920,40
9740,40
374670,40
383520,40
331650,39
7970,39
7800,39
252750,39
333330,39
7010,39
333250,39
253350,39
251610,39
16620,39
398450,39
267940,39
351090,39
378660,39
94620,39
270310,39
270270,39
201070,39
269610,39
225180,39
415490,39
344500,39
311080,39
33750,39
336090,39
273620,39
221560,39
344880,39
260770,39
444220,39
345080,39
266410,39
313140,39
445130,39
392580,39
314520,39
262470,39
367300,39
369110,39
70500,39
342360,39
394740,39
57700,39
240440,39
295990,39
324190,39
462060,39
288060,38
65610,38
421810,38
33980,38
283920,38
31120,38
65500,38
508600,38
390910,38
284140,38
365420,38
429580,38
237370,38
345060,38
299840,38
65950,38
286810,38
251410,38
375180,38
314200,38
251810,38
279900,38
461140,38
314810,38
496890,38
252070,38
295490,38
497180,38
446770,38
292240,38
376140,38
46360,38
423840,38
340360,38
335460,38
334840,38
273570,38
17140,38
6270,38
357650,38
342610,38
303260,38
466500,38
451840,38
342970,38
377430,38
431290,38
340470,38
305960,38
339000,38
343730,38
374410,38
397770,38
350020,38
364930,38
227920,38
370040,38
35320,38
12480,38
24460,38
363610,37
281060,37
8360,37
27810,37
367600,37
8970,37
260570,37
3630,37
11130,37
109700,37
407980,37
9990,37
269350,37
11140,37
293660,37
313360,37
341980,37
300060,37
327650,37
299660,37
291070,37
394120,37
324510,37
320400,37
415960,37
315110,37
24170,37
238110,37
57000,37
462370,37
29640,37
355410,37
50310,37
322190,37
217270,37
412450,37
49320,37
396030,37
248730,37
373100,37
289420,37
321960,37
316840,37
316720,37
351400,37
359040,37
288040,37
3310,37
61510,37
352190,37
343340,37
344840,37
289440,37
4880,36
39520,36
369060,36
477270,36
349440,36
385400,36
217980,36
355240,36
35510,36
218210,36
296570,36
334210,36
391340,36
273940,36
386260,36
305780,36
517710,36
402330,36
346080,36
270330,36
356880,36
282560,36
44650,36
418040,36
253860,36
417910,36
249550,36
12460,36
458560,36
207670,36
7840,36
264000,36
331340,36
209340,36
281280,36
336610,36
288020,36
224700,35
446990,35
205330,35
388800,35
407290,35
322210,35
423760,35
23600,35
44660,35
369640,35
91800,35
363360,35
455940,35
311240,35
100410,35
38230,35
3230,35
372190,35
259640,35
253150,35
44670,35
381870,35
375960,35
326150,35
341060,35
206610,35
390200,35
207000,35
3560,35
361710,35
217290,35
326720,35
295590,35
399780,35
347620,35
450220,35
416310,35
281920,35
375250,35
106000,35
384110,35
435530,35
260930,35
386160,35
458000,35
41600,35
206250,35
110500,35
349260,34
405610,34
445230,34
441830,34
260060,34
311680,34
38430,34
31130,34
320820,34
208710,34
320790,34
205250,34
448310,34
39630,34
312860,34
392470,34
396090,34
70210,34
3350,34
301050,34
458710,34
342240,34
438790,34
325210,34
330670,34
42850,34
291030,34
431540,34
461970,34
333860,34
397680,34
357380,34
255920,34
35600,34
255390,34
327740,34
356890,34
451520,34
246360,34
426630,34
274880,34
377080,34
27300,34
251890,34
335690,34
395170,34
423770,34
251210,34
351450,34
396900,34
448830,34
290060,34
413857,34
302950,34
303340,34
361300,34
330990,33
339400,33
283160,33
435030,33
430020,33
283080,33
418120,33
287600,33
290530,33
431730,33
357670,33
316080,33
350970,33
313980,33
299500,33
441020,33
307990,33
305940,33
403830,33
335100,33
400660,33
351900,33
268400,33
268360,33
443940,33
342020,33
346040,33
296630,33
319830,33
277850,33
265830,33
350990,33
295750,33
294530,33
341510,33
401840,33
345440,33
326160,33
307010,33
2525,33
476460,33
504770,33
259360,33
210150,33
259410,33
7060,33
379320,33
46270,33
377570,33
367690,33
510660,33
387370,33
395140,33
250050,33
259760,33
385380,33
448610,33
348730,32
371000,32
46380,32
362930,32
444460,32
345860,32
411192,32
427820,32
351910,32
362870,32
351840,32
373240,32
375900,32
450110,32
396480,32
115220,32
348530,32
468490,32
12560,32
316660,32
299250,32
404690,32
334120,32
368590,32
298340,32
33280,32
300360,32
20700,32
426560,32
202860,32
110600,32
385150,32
453820,32
34420,32
4800,32
284220,32
280640,32
410340,32
320840,32
237550,32
18490,32
4300,32
371900,32
429940,32
341160,32
371450,32
356380,32
263520,32
335450,32
372830,32
382140,31
25910,31
339190,31
426330,31
426040,31
347030,31
353690,31
389400,31
331400,31
315060,31
37010,31
362810,31
299480,31
327060,31
358480,31
288930,31
322980,31
322970,31
286830,31
3220,31
3440,31
325320,31
342090,31
325870,31
13000,31
3450,31
316110,31
395420,31
460660,31
319230,31
361720,31
347670,31
256050,31
296730,31
387930,31
63900,31
6400,31
411187,31
346290,31
289340,31
231020,31
261680,31
266250,31
409590,31
420270,31
270130,31
441550,31
377590,31
419460,31
335560,31
4420,31
269470,31
351030,31
313040,31
351040,31
216670,31
348340,31
303590,31
40000,31
420880,31
380890,31
368610,31
388120,30
382070,30
411183,30
375850,30
280440,30
305480,30
336250,30
449440,30
339860,30
338140,30
357330,30
252710,30
340580,30
324750,30
44600,30
361830,30
12430,30
233210,30
266290,30
355430,30
316930,30
340000,30
2910,30
403510,30
396800,30
330660,30
411370,30
312300,30
365310,30
388340,30
431840,30
355970,30
311800,30
310810,30
295250,30
269990,30
387070,30
418430,30
253230,30
270190,30
58570,30
399000,30
301990,30
289520,30
459160,30
263140,30
385530,30
33580,30
22500,30
46490,30
336100,30
224380,30
3970,30
206410,30
363410,30
345200,30
336060,30
294770,30
342740,30
263960,30
418110,30
300760,30
460700,30
385020,30
291430,29
325730,29
264520,29
434210,29
341470,29
325100,29
375120,29
29500,29
435440,29
266090,29
248170,29
254130,29
344740,29
294670,29
324310,29
358080,29
440630,29
215450,29
290460,29
299680,29
389460,29
301650,29
202690,29
314570,29
260650,29
316180,29
343820,29
433790,29
407620,29
265400,29
347940,29
392950,29
279580,29
270950,29
278490,29
278810,29
270910,29
262450,29
437160,29
370550,29
3430,29
454690,28
311120,28
327220,28
432470,28
350630,28
413852,28
380020,28
17120,28
307980,28
99410,28
344230,28
251490,28
359230,28
15230,28
291450,28
406290,28
343930,28
325150,28
477130,28
457210,28
204440,28
290990,28
456660,28
307210,28
415350,28
344410,28
38490,28
373480,28
229600,28
335000,28
330470,28
329970,28
296220,28
314980,28
411189,28
21030,28
273390,28
331720,28
354960,28
382350,28
330460,28
315440,28
420770,28
49810,28
370480,28
334370,28
375770,28
346630,28
300280,28
8370,28
6570,28
239720,28
49700,28
375130,28
333640,28
361760,28
319470,28
496240,28
371550,28
347610,28
341150,28
270810,28
348960,28
429280,28
306700,28
302120,28
461010,28
209750,28
110610,28
391160,28
312230,28
301700,28
319280,28
425580,28
314210,28
405040,28
361730,28
303680,27
347590,27
353700,27
347040,27
379990,27
455970,27
304170,27
308460,27
347410,27
289600,27
293300,27
486780,27
217750,27
429700,27
229970,27
221430,27
246940,27
307190,27
321060,27
384550,27
423620,27
475100,27
346140,27
296300,27
317760,27
221830,27
416670,27
405650,27
312540,27
375520,27
293520,27
491080,27
381220,27
346830,27
366970,27
358380,27
72400,27
393980,27
365960,27
12860,27
412130,27
265990,27
362280,27
256030,27
285980,27
8380,27
335830,27
342350,27
3340,27
390660,27
272010,27
333210,27
252430,27
280500,27
92700,27
332780,27
447970,27
438140,27
411185,27
367240,27
327880,27
399640,27
452220,27
256010,27
370190,27
395380,26
357200,26
438920,26
316140,26
272270,26
344440,26
448780,26
317100,26
346780,26
410130,26
244950,26
296850,26
330450,26
411190,26
388050,26
376920,26
292400,26
436300,26
325630,26
12640,26
32680,26
241990,26
12590,26
498330,26
354620,26
354180,26
363240,26
358430,26
269150,26
323780,26
444260,26
250240,26
63650,26
251270,26
37500,26
251290,26
349140,26
287140,26
384990,26
39110,26
286380,26
448240,26
98900,26
295910,26
16100,26
343810,26
380550,26
502940,26
266940,26
359560,26
219070,26
420090,26
378080,26
448370,26
348300,26
1002,26
428630,26
235380,26
259980,26
279520,26
416550,25
279920,25
354900,25
211010,25
296590,25
25620,25
354950,25
463110,25
27800,25
352900,25
298820,25
369080,25
332830,25
314070,25
305820,25
400030,25
312600,25
399120,25
3380,25
399920,25
399820,25
262300,25
399750,25
4870,25
263920,25
308173,25
311140,25
410120,25
301860,25
211380,25
301360,25
258070,25
449340,25
402620,25
363130,25
427470,25
273840,25
46350,25
315670,25
339510,25
363510,25
389170,25
389220,25
464760,25
301150,25
347440,25
279940,25
401120,25
485490,25
342650,25
280720,25
319730,25
254650,25
324170,25
385980,25
458730,25
244910,25
384630,25
248510,25
356430,25
29130,25
386990,25
453670,25
499520,25
252690,25
386110,25
292060,25
24660,25
458260,25
360510,25
253390,25
34450,25
384500,25
411570,25
206060,25
329190,25
322850,25
358360,25
4290,25
208110,25
288120,25
373080,25
37100,25
288290,25
251510,25
352220,24
314380,24
264460,24
307430,24
284990,24
432170,24
332970,24
344300,24
403940,24
366610,24
272990,24
262850,24
380150,24
273240,24
292260,24
400740,24
397580,24
496680,24
16130,24
453750,24
414510,24
365680,24
444620,24
334710,24
23100,24
334620,24
409560,24
368680,24
233310,24
409660,24
406130,24
368180,24
413680,24
384680,24
492240,24
251390,24
365020,24
23440,24
333490,24
448470,24
368830,24
348180,24
34810,24
347350,24
357370,24
276870,24
388620,24
461890,24
354040,24
416320,24
417990,24
354930,24
255030,24
274450,24
46320,24
429600,24
275290,24
356420,24
61220,24
341070,24
397270,24
297750,24
354650,24
276770,24
394280,24
24500,24
346200,24
239090,24
3980,24
344790,24
355130,24
317610,24
469650,23
308380,23
394760,23
372690,23
285520,23
39640,23
358750,23
461880,23
25600,23
294650,23
15310,23
403850,23
381170,23
431600,23
453850,23
345090,23
357720,23
361780,23
289480,23
32410,23
356070,23
10460,23
311720,23
318480,23
9760,23
366260,23
2900,23
261960,23
366210,23
416770,23
397350,23
251110,23
39260,23
92400,23
329650,23
384950,23
361740,23
317290,23
16180,23
361400,23
362180,23
404820,23
3050,23
364350,23
15220,23
314290,23
425680,23
27330,23
398970,23
314460,23
369030,23
269010,23
435120,23
425720,23
269690,23
292930,23
11560,23
352620,23
354030,23
372210,23
369360,23
369290,23
237470,23
339590,23
293600,23
11040,23
108100,23
283350,23
384480,23
72500,23
8330,23
46790,23
46740,23
206020,23
467380,23
427930,23
451830,23
363940,23
425160,23
403180,23
364900,23
205830,23
35310,23
259450,23
384400,22
329690,22
340520,22
18450,22
331570,22
9980,22
337070,22
331390,22
407150,22
322600,22
382420,22
15080,22
316480,22
321560,22
60700,22
330680,22
8690,22
8310,22
327930,22
322080,22
406210,22
8160,22
342280,22
415880,22
404580,22
421260,22
404700,22
389160,22
336710,22
46280,22
254480,22
365160,22
350660,22
283840,22
442110,22
362310,22
368860,22
260040,22
257690,22
289620,22
438480,22
270110,22
351050,22
259960,22
371300,22
371500,22
469890,22
283410,22
259320,22
377150,22
429950,22
461750,22
454970,22
461230,22
429780,22
23460,22
361770,22
450670,22
397870,22
297410,22
447570,22
356050,22
250870,22
280010,22
24640,22
423120,22
369420,22
254880,22
280600,22
256390,22
254590,22
245430,22
448250,22
245300,22
290380,22
301610,21
436140,21
235660,21
327440,21
60350,21
412380,21
414660,21
402120,21
404810,21
434680,21
283310,21
385590,21
433280,21
359250,21
373140,21
342510,21
298850,21
296650,21
285090,21
252290,21
359850,21
434290,21
434410,21
360390,21
353330,21
325470,21
346950,21
283820,21
299890,21
411194,21
325860,21
385310,21
517910,21
341780,21
358280,21
412730,21
302850,21
383750,21
306200,21
351240,21
290810,21
270770,21
259940,21
231180,21
389700,21
338800,21
472060,21
312010,21
208860,21
448440,21
229100,21
208460,21
380690,21
448350,21
91810,21
444930,21
399890,21
97130,21
3360,21
429020,21
10270,21
308360,21
446380,21
262920,21
446620,21
270790,21
424370,21
416350,21
70200,21
303470,21
6330,21
316970,21
291910,21
393950,21
404050,21
363150,21
274500,21
378300,21
259340,21
458590,21
356790,21
344240,20
358270,20
291190,20
358200,20
29120,20
342880,20
457520,20
431230,20
431910,20
320630,20
294540,20
357470,20
200150,20
292500,20
2920,20
384300,20
290490,20
18460,20
286220,20
269590,20
277910,20
65710,20
273820,20
7220,20
331610,20
400790,20
440430,20
11180,20
2710,20
333660,20
279480,20
368710,20
390730,20
10650,20
260690,20
90100,20
33540,20
445110,20
336080,20
447890,20
411188,20
340330,20
454040,20
412770,20
15990,20
433910,20
15960,20
15240,20
324760,20
402220,20
325520,20
13700,20
386520,20
32670,20
63110,20
394450,20
386840,20
254840,20
394220,20
371120,20
371100,20
361750,20
411193,20
394130,20
281430,20
305010,20
236470,20
243020,20
349020,20
319140,20
418910,20
355760,20
306670,20
420440,20
315850,20
21300,20
21400,20
467930,20
419480,20
416370,20
314560,20
236010,20
466800,20
46330,20
221340,20
380670,20
42800,20
210990,20
349540,20
486500,20
494740,20
461820,20
252230,19
252210,19
210490,19
361550,19
288140,19
16120,19
383720,19
428510,19
281820,19
361160,19
496460,19
285110,19
452640,19
394850,19
316260,19
464350,19
15270,19
453190,19
285960,19
463100,19
427510,19
325060,19
301320,19
362250,19
411191,19
392930,19
266550,19
307570,19
222820,19
226780,19
261350,19
335220,19
335550,19
380750,19
9710,19
391520,19
223280,19
485870,19
308440,19
484870,19
400160,19
350500,19
234820,19
467950,19
401560,19
381640,19
355050,19
330620,19
403300,19
65100,19
339700,19
306490,19
370020,19
448940,19
363580,19
400760,19
272330,19
11150,19
310450,19
374950,19
384000,19
318130,19
416110,19
375290,19
461840,19
346270,19
319480,19
375220,19
373390,19
457320,19
358260,19
19030,19
291390,19
373290,19
345890,19
395850,19
38450,19
495780,18
387240,18
340820,18
408110,18
415830,18
378830,18
352280,18
382050,18
302470,18
280540,18
11050,18
395350,18
485450,18
328680,18
368700,18
409600,18
398070,18
365330,18
245730,18
267730,18
371520,18
356540,18
379210,18
428760,18
333880,18
393150,18
412050,18
384310,18
6090,18
291290,18
387850,18
46850,18
357120,18
374400,18
25860,18
65400,18
11520,18
33990,18
273830,18
3460,18
396360,18
396850,18
458310,18
336730,18
370270,18
378260,18
450020,18
344770,18
255940,18
219800,18
209230,18
375020,18
458250,18
375040,18
410440,18
457860,18
348200,18
401680,18
209850,18
453100,18
38460,18
12420,18
318860,18
60340,18
371890,18
380700,18
319750,18
397990,18
317970,18
431770,18
383630,18
299070,18
299050,18
346730,18
307930,18
359610,18
349550,18
342500,18
40370,18
4320,18
346610,18
252050,18
4460,18
417290,18
462910,18
317030,18
337220,18
355860,18
29680,18
10110,18
290000,18
289220,18
416640,18
455110,18
375430,18
385360,18
368160,18
448150,18
3580,18
3000,18
386750,18
341680,18
58560,18
326630,18
400020,18
294190,18
386590,18
315550,18
386540,18
376560,18
463710,18
383590,18
318330,18
373620,18
223000,18
395570,18
335200,17
312510,17
424000,17
448560,17
273600,17
355800,17
421880,17
260510,17
10700,17
490820,17
349220,17
100980,17
365900,17
388500,17
391960,17
355810,17
444160,17
263260,17
110630,17
25940,17
356000,17
332490,17
320650,17
364770,17
3200,17
460910,17
271360,17
33740,17
391210,17
423900,17
10250,17
333530,17
444800,17
368740,17
363670,17
368970,17
448000,17
444440,17
423920,17
362240,17
246920,17
324610,17
425681,17
254980,17
32150,17
386290,17
328780,17
377360,17
454180,17
463040,17
342490,17
324470,17
457580,17
516230,17
510630,17
466790,17
371460,17
274480,17
497820,17
417730,17
283100,17
3530,17
464230,17
386180,17
238710,17
376730,17
283330,17
290970,17
329770,17
355100,17
251230,17
362290,17
385330,17
491260,17
323630,17
370170,17
411184,17
3400,17
277110,17
65080,17
304950,17
424250,17
438000,17
12440,17
304890,17
354870,17
370460,17
417980,17
377860,17
414370,17
401690,17
362200,17
362190,17
436560,17
3520,17
317280,17
42730,16
416200,16
211670,16
24410,16
446120,16
461850,16
15150,16
262080,16
315860,16
9730,16
284180,16
308520,16
427770,16
454870,16
463150,16
463050,16
249930,16
308270,16
200060,16
294790,16
296150,16
265970,16
507390,16
411820,16
421050,16
420950,16
415240,16
457710,16
27020,16
314320,16
215060,16
332620,16
320690,16
313470,16
273590,16
65070,16
23360,16
420070,16
333300,16
421120,16
300400,16
302190,16
444280,16
300610,16
457440,16
321980,16
327380,16
327390,16
327400,16
457490,16
461780,16
443420,16
214270,16
236930,16
474820,16
473910,16
311860,16
18470,16
392070,16
359280,16
339690,16
340630,16
389310,16
374830,16
371010,16
358180,16
375420,16
358250,16
343830,16
401890,16
383670,16
369070,16
380210,16
395250,16
358650,16
358770,16
379640,16
404180,16
402170,16
365280,16
360040,16
403200,16
349460,16
402310,16
408930,16
400180,16
339820,16
396060,16
392020,16
37200,16
392000,16
366040,16
370070,16
351980,16
351480,16
369370,16
363920,16
340320,16
363520,16
374240,16
400800,16
339900,16
337180,16
381750,16
350310,16
405010,16
3490,16
345130,16
418310,15
226760,15
29150,15
307900,15
491330,15
365350,15
365480,15
407020,15
345540,15
370200,15
257930,15
488210,15
333730,15
348240,15
289460,15
305800,15
416290,15
324390,15
487030,15
371210,15
3500,15
282860,15
474010,15
454670,15
370920,15
306520,15
3510,15
320670,15
398210,15
407720,15
458320,15
363480,15
230350,15
454320,15
454100,15
403980,15
27220,15
252970,15
372030,15
269810,15
312900,15
339440,15
375930,15
463240,15
351410,15
40350,15
468530,15
360450,15
365190,15
283450,15
434800,15
494710,15
325790,15
235760,15
236530,15
442500,15
464940,15
436280,15
463550,15
431180,15
222180,15
1309,15
336300,15
367550,15
302240,15
294680,15
328140,15
387010,15
355560,15
295870,15
367430,15
337360,15
385230,15
336030,15
7260,15
399580,15
35300,15
15930,15
15920,15
426970,15
409310,15
322540,15
300200,15
4470,15
337980,15
344130,15
391130,15
100970,15
382260,15
429720,15
293200,15
414120,15
315080,15
429520,15
303550,15
382920,15
436530,14
46230,14
11920,14
388320,14
420850,14
371410,14
348650,14
46200,14
63640,14
301920,14
361600,14
353600,14
451700,14
375840,14
451650,14
12380,14
436350,14
400450,14
463270,14
427550,14
299640,14
452510,14
437420,14
459100,14
97110,14
425340,14
405590,14
10690,14
302490,14
310490,14
439920,14
391310,14
326840,14
373630,14
400510,14
457670,14
275060,14
454080,14
340030,14
9850,14
7740,14
271990,14
458480,14
440540,14
307580,14
7620,14
45900,14
321410,14
450850,14
12600,14
430080,14
281390,14
358640,14
398940,14
505210,14
365800,14
259910,14
315830,14
358410,14
485310,14
355500,14
423320,14
429200,14
324710,14
429060,14
286880,14
394290,14
313810,14
342550,14
207710,14
315540,14
432190,14
350070,14
418610,14
429490,14
489610,14
358190,14
431510,14
429610,14
398920,14
406870,14
292820,14
409870,14
292300,14
477980,14
398180,14
296180,14
448400,14
236490,14
256070,14
325910,14
282780,14
234740,14
412830,14
298830,14
298280,14
3420,14
348380,14
467560,14
428530,14
378480,14
321270,14
15950,14
434530,14
335320,14
200080,14
365210,14
385560,14
297350,14
343370,14
19020,14
409450,14
297330,14
268670,13
266370,13
445170,13
444790,13
350150,13
448010,13
366620,13
364890,13
399530,13
327950,13
262650,13
318260,13
400410,13
297590,13
342890,13
292350,13
343020,13
429830,13
429620,13
293920,13
414130,13
32110,13
351700,13
294550,13
322680,13
440730,13
299600,13
353980,13
351870,13
424780,13
301980,13
302180,13
304150,13
302460,13
302750,13
303760,13
431220,13
292160,13
291930,13
358400,13
439930,13
437880,13
350600,13
326590,13
278590,13
362210,13
361380,13
281350,13
361200,13
344630,13
283490,13
284100,13
402210,13
434430,13
285070,13
286770,13
324790,13
432610,13
342230,13
324730,13
288270,13
320320,13
370280,13
476240,13
46730,13
482120,13
338980,13
48160,13
479260,13
332880,13
261740,13
339110,13
475430,13
473970,13
471170,13
332400,13
377760,13
466890,13
485080,13
332250,13
377660,13
466730,13
377460,13
236890,13
240340,13
241790,13
462730,13
375530,13
459910,13
459020,13
411080,13
482390,13
224340,13
250720,13
385250,13
100400,13
391280,13
346320,13
389510,13
337350,13
387880,13
6290,13
12530,13
337680,13
33770,13
394600,13
315930,13
201000,13
381260,13
202370,13
208640,13
395860,13
501120,13
3960,13
315320,13
319170,13
495090,13
314470,13
396260,13
493730,13
333870,13
24650,13
425210,13
329320,13
340440,13
453710,13
450700,13
311100,13
310760,13
399040,13
372150,13
421630,13
372490,13
411330,13
340720,13
34500,13
406940,13
329000,13
258240,13
448500,13
448570,13
453830,13
311980,13
449300,13
340750,13
509840,12
335050,12
321190,12
204760,12
40330,12
208630,12
508550,12
42930,12
383800,12
319060,12
208620,12
259020,12
293960,12
369560,12
274130,12
291370,12
333820,12
408280,12
40320,12
292280,12
495350,12
495460,12
496550,12
305510,12
334270,12
356530,12
384840,12
323490,12
444940,12
335080,12
318970,12
351730,12
300820,12
301420,12
73190,12
368450,12
447940,12
111300,12
448260,12
393200,12
352370,12
318090,12
352240,12
90800,12
391240,12
328470,12
10100,12
447990,12
409070,12
32140,12
409290,12
402850,12
428460,12
316370,12
428350,12
218700,12
264260,12
297370,12
16110,12
16030,12
354680,12
367020,12
298840,12
298890,12
427810,12
316030,12
260380,12
61530,12
12390,12
414920,12
411740,12
291250,12
440020,12
491170,12
410890,12
415740,12
280830,12
306480,12
363980,12
281260,12
340390,12
436160,12
312980,12
466420,12
406650,12
364380,12
371400,12
467310,12
415670,12
377970,12
398170,12
234060,12
32620,12
273580,12
470450,12
375400,12
421030,12
373610,12
458270,12
458280,12
275350,12
420930,12
401360,12
363270,12
362270,12
243300,12
362220,12
243180,12
348870,12
420840,12
279640,12
412670,12
361890,12
470270,12
405440,12
448080,12
359600,12
396640,12
269450,12
380570,12
408000,12
442290,12
287720,12
432290,12
371190,12
342260,12
288710,12
412250,12
485410,12
358460,12
485440,12
365270,12
313620,12
421140,12
341380,12
284260,12
342130,12
471630,12
471910,12
491000,12
33260,12
285030,12
473450,12
360130,12
473510,12
432010,12
358290,12
418960,12
269530,12
419090,12
303940,11
314340,11
403950,11
418300,11
311910,11
404850,11
311060,11
317330,11
347360,11
351940,11
346450,11
346460,11
348270,11
348490,11
351230,11
310880,11
315660,11
311850,11
315940,11
346970,11
346470,11
336790,11
425220,11
493440,11
492130,11
491730,11
489360,11
221220,11
487700,11
38060,11
485780,11
485560,11
380120,11
476880,11
468800,11
467460,11
465670,11
463850,11
241070,11
462110,11
397390,11
375170,11
243140,11
458890,11
373600,11
492170,11
493760,11
302210,11
215550,11
390460,11
390220,11
7870,11
393240,11
11550,11
388440,11
63630,11
63620,11
15060,11
16040,11
38530,11
19090,11
395160,11
508170,11
395400,11
383960,11
383240,11
382970,11
497050,11
213350,11
496500,11
455490,11
455160,11
454430,11
454030,11
362130,11
361850,11
280890,11
282620,11
282740,11
434500,11
284020,11
289500,11
358210,11
292840,11
293480,11
356270,11
356260,11
356180,11
355980,11
355270,11
354730,11
297760,11
352960,11
352780,11
301760,11
437090,11
362260,11
276440,11
260270,11
372390,11
37210,11
451000,11
370780,11
449960,11
257670,11
449530,11
259190,11
448620,11
260550,11
274700,11
261720,11
262100,11
262190,11
416360,11
445600,11
365880,11
444410,11
364480,11
440380,11
366320,11
99920,11
330160,11
414470,11
338310,11
331190,11
318650,11
409890,11
406090,11
409000,11
324650,11
328900,11
408650,11
406120,11
334190,11
329280,11
343170,11
344820,11
325160,11
344800,11
345640,11
406170,11
412230,11
332390,11
327010,11
340450,11
405370,11
415080,11
294690,10
452060,10
42000,10
420000,10
428880,10
502140,10
414060,10
294720,10
323040,10
34860,10
448520,10
42950,10
348710,10
296010,10
294570,10
206040,10
509110,10
356550,10
200020,10
15970,10
431680,10
357930,10
366230,10
324120,10
341020,10
366400,10
19500,10
366810,10
517790,10
263040,10
356560,10
431260,10
395150,10
328220,10
200980,10
430960,10
348030,10
399140,10
340920,10
384570,10
500360,10
420910,10
448980,10
355080,10
427240,10
410980,10
490880,10
300900,10
307920,10
375790,10
353070,10
489700,10
488660,10
464470,10
301560,10
464540,10
464960,10
425860,10
487370,10
377470,10
466580,10
23510,10
302330,10
46700,10
306440,10
485230,10
230780,10
475220,10
243060,10
33390,10
338120,10
492430,10
296610,10
453340,10
372350,10
347370,10
297080,10
454150,10
454220,10
497400,10
340270,10
397780,10
455400,10
320120,10
457010,10
457600,10
396230,10
374640,10
246880,10
42210,10
415910,10
458830,10
299150,10
458970,10
493650,10
268260,10
476490,10
279540,10
436360,10
109200,10
359060,10
390340,10
438020,10
412520,10
341710,10
10230,10
289280,10
364830,10
335920,10
10260,10
362230,10
391390,10
358440,10
90400,10
409100,10
346340,10
393920,10
364300,10
273960,10
362140,10
364390,10
432280,10
270510,10
12310,10
6350,10
317020,10
392940,10
289800,10
277270,10
111010,10
360620,10
273730,10
389670,10
392120,10
389300,10
286280,10
358340,10
273750,10
358350,10
286930,9
453880,9
310460,9
349530,9
363180,9
349840,9
437400,9
492710,9
252890,9
42230,9
330100,9
408440,9
21610,9
434000,9
454070,9
456810,9
341690,9
277390,9
214310,9
359370,9
460640,9
458300,9
497350,9
439720,9
359260,9
414720,9
382570,9
211880,9
346400,9
278420,9
297310,9
433110,9
330770,9
358300,9
354160,9
332410,9
377670,9
402160,9
31830,9
377710,9
46710,9
435790,9
423800,9
486150,9
467390,9
332380,9
3610,9
224040,9
466490,9
485570,9
305840,9
468820,9
332530,9
484350,9
482300,9
303850,9
4730,9
321290,9
341930,9
475550,9
377530,9
486880,9
375000,9
240660,9
299910,9
359670,9
338420,9
38120,9
381150,9
462030,9
462220,9
462700,9
463000,9
463060,9
280620,9
240360,9
236290,9
301220,9
361360,9
376310,9
281130,9
426010,9
333540,9
338550,9
284290,9
436220,9
487430,9
99200,9
334290,9
212240,9
371880,9
288260,9
366600,9
293340,9
386640,9
386600,9
408770,9
417880,9
508180,9
324110,9
345280,9
18480,9
386900,9
271370,9
358810,9
314500,9
449060,9
358830,9
358390,9
287960,9
337670,9
509860,9
356580,9
323680,9
262980,9
367350,9
411760,9
292330,9
446910,9
364810,9
289200,9
269430,9
399230,9
418280,9
367910,9
261920,9
419080,9
513440,9
210390,9
364790,9
368600,9
346770,9
42940,9
501760,9
365120,9
440340,9
409390,9
341540,9
32760,9
451760,9
408750,9
428750,9
452120,9
296530,9
337280,9
336110,9
312200,9
348950,9
327520,9
359140,9
255010,9
409370,9
365860,9
255260,9
357890,9
255960,9
272490,9
357830,9
503300,9
451130,9
443980,8
302130,8
378610,8
403120,8
325300,8
407830,8
474030,8
227980,8
352120,8
431590,8
467900,8
36120,8
413030,8
325120,8
352610,8
268340,8
467530,8
302160,8
444140,8
29140,8
445770,8
442220,8
303820,8
378750,8
303830,8
36110,8
302340,8
467430,8
444270,8
471380,8
357700,8
396860,8
446390,8
364940,8
472870,8
410470,8
43600,8
281840,8
265420,8
300840,8
352640,8
352720,8
304910,8
299110,8
449830,8
2720,8
359400,8
450050,8
298930,8
355920,8
295610,8
440431,8
340120,8
456450,8
42820,8
400580,8
454510,8
297470,8
254860,8
297450,8
433190,8
358230,8
371320,8
407090,8
453770,8
412490,8
372380,8
452420,8
37220,8
440750,8
434020,8
259810,8
2930,8
377070,8
364840,8
431250,8
413830,8
410700,8
376250,8
289180,8
356910,8
262000,8
436500,8
448130,8
339500,8
293160,8
245010,8
323670,8
260530,8
375030,8
461710,8
461690,8
2790,8
368770,8
293460,8
364450,8
460160,8
356510,8
427760,8
31850,8
360850,8
336010,8
313210,8
403840,8
315610,8
12580,8
335700,8
387450,8
508290,8
384120,8
65200,8
388360,8
307770,8
396650,8
111000,8
316890,8
389840,8
389850,8
336150,8
502770,8
415840,8
335070,8
334670,8
55130,8
518670,8
418190,8
337820,8
381090,8
490300,8
34800,8
38080,8
200990,8
513930,8
16000,8
319400,8
385950,8
487420,8
512220,8
511340,8
386140,8
38130,8
337210,8
31930,8
319990,8
349100,8
424170,8
42200,8
32000,8
409170,8
498600,8
391820,8
311930,8
321030,8
392780,8
33660,8
494150,8
97120,8
351720,8
403860,8
345010,8
481420,8
493810,8
390720,8
421180,8
390890,8
320110,8
305390,8
37240,7
356730,7
453960,7
384690,7
448320,7
368250,7
260710,7
430190,7
367930,7
320090,7
418360,7
292090,7
335120,7
314180,7
517000,7
455980,7
454900,7
313830,7
515910,7
431000,7
349450,7
3570,7
51060,7
496870,7
293220,7
451400,7
51010,7
328650,7
294710,7
501690,7
329200,7
404040,7
323240,7
257610,7
312710,7
450190,7
371310,7
371280,7
503410,7
329640,7
348790,7
355630,7
428830,7
294700,7
449170,7
449130,7
419520,7
497940,7
293440,7
296950,7
383460,7
453300,7
368790,7
451920,7
328920,7
395300,7
323450,7
323430,7
294060,7
294280,7
398160,7
339040,7
327680,7
366960,7
412540,7
434030,7
337110,7
317380,7
107000,7
359440,7
277630,7
390610,7
433600,7
8320,7
318690,7
7880,7
276220,7
433270,7
336130,7
326990,7
274010,7
316810,7
433100,7
287070,7
359650,7
36210,7
389190,7
359920,7
341910,7
10080,7
435040,7
434620,7
342100,7
31820,7
10120,7
284000,7
9970,7
284050,7
412790,7
31860,7
99120,7
317950,7
10240,7
402260,7
436480,7
346210,7
32640,7
363420,7
388970,7
264080,7
443460,7
358220,7
431860,7
358170,7
267440,7
337730,7
341260,7
16200,7
431640,7
456610,7
385600,7
444720,7
17810,7
265240,7
18600,7
31920,7
357490,7
347720,7
337880,7
291630,7
15160,7
345620,7
324740,7
290020,7
388390,7
3160,7
335890,7
409340,7
440880,7
440950,7
12450,7
32730,7
315740,7
342450,7
31910,7
358420,7
315340,7
412270,7
386480,7
289580,7
358370,7
32750,7
358320,7
298140,7
448630,7
375480,7
350780,7
375330,7
396590,7
302110,7
374900,7
464800,7
421910,7
374450,7
415400,7
215390,7
459310,7
46210,7
396660,7
247770,7
470590,7
459170,7
301740,7
237530,7
339580,7
302970,7
465520,7
458700,7
236970,7
415850,7
377870,7
302870,7
246600,7
350640,7
339570,7
33350,7
381900,7
410570,7
488310,7
374140,7
463980,7
457480,7
381100,7
37910,7
350910,7
350220,7
460960,7
460940,7
302260,7
226820,7
490160,7
397720,7
457230,7
241760,7
352430,7
42810,7
466720,7
487270,7
488580,7
377690,7
410910,7
320430,7
378850,7
374060,7
299580,7
23150,7
303910,7
350770,6
443380,6
406780,6
358330,6
486650,6
339240,6
15140,6
351080,6
441920,6
486720,6
12630,6
394480,6
32740,6
386340,6
486640,6
365170,6
268890,6
386350,6
385900,6
443450,6
17800,6
463920,6
426290,6
463860,6
301380,6
314370,6
19320,6
446310,6
291610,6
517810,6
314300,6
366860,6
367110,6
263120,6
314220,6
353190,6
327920,6
495580,6
321860,6
445040,6
465760,6
523790,6
290410,6
290440,6
15900,6
15910,6
364750,6
350620,6
344810,6
266190,6
385630,6
237970,6
423610,6
385440,6
341030,6
333390,6
271970,6
364710,6
41660,6
284580,6
434380,6
483960,6
32630,6
436520,6
279560,6
470260,6
284970,6
470130,6
33250,6
437000,6
416610,6
485370,6
391250,6
303530,6
437180,6
352070,6
416760,6
403430,6
23140,6
281450,6
436060,6
283270,6
318440,6
477310,6
391920,6
435300,6
36100,6
435970,6
360520,6
345750,6
361130,6
40340,6
424640,6
473480,6
473140,6
230760,6
480480,6
9960,6
402430,6
352130,6
306630,6
345710,6
363530,6
377720,6
46720,6
388900,6
393430,6
27200,6
388660,6
302440,6
403590,6
339210,6
393970,6
405500,6
347060,6
302350,6
288650,6
306620,6
288730,6
364640,6
408920,6
432720,6
316610,6
346510,6
378110,6
359350,6
401170,6
276340,6
302910,6
286240,6
362830,6
286440,6
362860,6
286540,6
344180,6
46760,6
439770,6
324770,6
352360,6
11120,6
234350,6
447310,6
17600,6
367260,6
330370,6
42870,6
369300,6
499540,6
369270,6
312220,6
210350,6
253670,6
410990,6
343120,6
382940,6
369100,6
21080,6
448580,6
354970,6
508140,6
330110,6
337960,6
293720,6
494810,6
260020,6
458060,6
372480,6
311840,6
38140,6
311820,6
368780,6
491520,6
383950,6
398150,6
21730,6
257650,6
502710,6
299180,6
331160,6
329630,6
312430,6
246260,6
370910,6
408760,6
299160,6
370710,6
24600,6
371270,6
262870,6
402630,6
354400,6
501720,6
404030,6
370310,6
396310,6
492490,6
422650,6
383730,6
449780,6
50120,6
312350,6
25870,6
354740,6
368980,6
328710,6
397940,6
410970,6
368220,6
454190,6
382480,6
21500,6
448110,6
409630,6
454420,6
367950,6
24850,6
454570,6
298360,6
402040,6
447960,6
37320,6
399240,6
382090,6
357010,6
375580,6
200490,6
456430,6
333650,6
295810,6
427030,6
457680,6
461830,6
374090,6
426930,6
461760,6
297270,6
414950,6
399100,6
373280,5
501990,5
373410,5
438720,5
451600,5
485620,5
361620,5
336840,5
381910,5
275810,5
438820,5
332540,5
435480,5
438660,5
467960,5
373920,5
439260,5
32690,5
333350,5
434980,5
495230,5
485730,5
495960,5
477200,5
7810,5
4830,5
246720,5
282680,5
475240,5
254820,5
363060,5
325880,5
485690,5
34180,5
37260,5
326340,5
392190,5
278190,5
500500,5
32660,5
485390,5
498570,5
398110,5
24760,5
279500,5
378490,5
326470,5
32610,5
378590,5
396010,5
253310,5
502400,5
382630,5
500810,5
496250,5
38000,5
372970,5
467990,5
454780,5
250740,5
374510,5
47850,5
501030,5
390160,5
468240,5
333260,5
46830,5
410290,5
341760,5
39250,5
498190,5
390680,5
341700,5
381800,5
485800,5
488200,5
444880,5
368470,5
512300,5
444650,5
331450,5
331880,5
328640,5
375210,5
509960,5
267220,5
338400,5
509220,5
327560,5
50920,5
491650,5
365260,5
381590,5
331920,5
268130,5
368800,5
395270,5
397090,5
461680,5
39900,5
327500,5
512640,5
38100,5
485830,5
512770,5
24120,5
38110,5
262610,5
515690,5
49000,5
399260,5
489730,5
333580,5
366700,5
200530,5
366670,5
376130,5
488890,5
337930,5
462530,5
264480,5
366290,5
488460,5
513580,5
264580,5
491160,5
261940,5
46220,5
445420,5
366280,5
486810,5
524340,5
268520,5
506590,5
486510,5
27050,5
337480,5
364370,5
383690,5
32720,5
364230,5
393750,5
223330,5
440438,5
4600,5
257260,5
32710,5
398480,5
364060,5
207060,5
332330,5
363930,5
38050,5
7400,5
409490,5
329620,5
7780,5
440260,5
412460,5
449760,5
341440,5
257870,5
334850,5
268930,5
268970,5
369180,5
461520,5
476700,5
448750,5
461180,5
505760,5
377520,5
386870,5
448790,5
466780,5
449690,5
398890,5
369550,5
441670,5
12550,5
206230,5
412310,5
337970,5
404920,5
441380,5
364660,5
441050,5
334140,5
258030,5
359450,5
355350,5
348400,5
406110,5
345140,5
319780,5
320610,5
404020,5
290870,5
321610,5
424210,5
346220,5
41400,5
346160,5
343770,5
288750,5
293420,5
31890,5
402800,5
425670,5
294830,5
350110,5
308320,5
428100,5
32120,5
346650,5
422980,5
318950,5
417750,5
317530,5
404640,5
352210,5
31880,5
306260,5
301730,5
324400,5
342520,5
351100,5
292670,5
359410,5
425689,5
289820,5
292760,5
314540,5
292420,5
428870,5
303870,5
433300,5
352440,5
350510,5
359290,5
286460,5
285400,5
425686,5
315130,5
285350,5
31980,5
414190,5
432250,5
302290,5
320310,5
308080,5
413870,5
346490,5
349690,5
418950,5
432330,5
310970,5
405970,5
421600,5
360550,5
319980,5
432500,5
311010,5
291960,5
325430,5
428440,5
311040,5
415950,5
349650,5
292860,5
311170,5
31840,5
347930,5
315650,5
322950,5
425150,5
321370,5
347730,5
402190,5
402560,5
317940,5
31900,5
325110,5
349110,5
303290,5
42830,5
288220,5
422130,5
354230,5
347710,5
357320,5
31800,5
17180,4
288570,4
271760,4
466430,4
415150,4
15280,4
7470,4
327370,4
454250,4
341360,4
395500,4
467910,4
315330,4
289360,4
328510,4
204580,4
508820,4
470760,4
470600,4
270590,4
331970,4
377280,4
378580,4
402060,4
465780,4
292660,4
37250,4
352030,4
377450,4
378030,4
440650,4
409420,4
352140,4
505440,4
356800,4
425682,4
288840,4
411750,4
467210,4
410430,4
389050,4
336020,4
302390,4
467090,4
50900,4
378420,4
332260,4
506280,4
389530,4
328460,4
302730,4
467850,4
441540,4
466830,4
23390,4
378020,4
448090,4
288100,4
468780,4
377550,4
289240,4
312970,4
332610,4
204510,4
366060,4
324140,4
265020,4
405720,4
366270,4
460650,4
313960,4
335850,4
460970,4
298220,4
366160,4
291090,4
404550,4
357840,4
461040,4
37360,4
461500,4
402670,4
299800,4
461580,4
353890,4
447170,4
365850,4
459940,4
445750,4
375310,4
427950,4
457810,4
291770,4
374010,4
418250,4
12570,4
340090,4
446330,4
405780,4
373750,4
366510,4
395100,4
514240,4
335210,4
458900,4
515470,4
345700,4
408900,4
319300,4
431450,4
459130,4
357460,4
384930,4
314510,4
444550,4
316240,4
509240,4
463250,4
443680,4
347220,4
348290,4
340210,4
324270,4
347230,4
335940,4
340960,4
464050,4
376760,4
376120,4
37310,4
268710,4
397160,4
297620,4
454550,4
328430,4
57970,4
373020,4
37300,4
301670,4
316160,4
443830,4
298020,4
387060,4
462000,4
409440,4
26300,4
394250,4
399910,4
313660,4
342860,4
428200,4
65260,4
387090,4
358070,4
397210,4
357030,4
365440,4
266620,4
462860,4
202670,4
462990,4
345340,4
339460,4
384700,4
342870,4
399130,4
319080,4
395600,4
350450,4
448870,4
391180,4
416630,4
356280,4
423490,4
406410,4
294390,4
359840,4
409960,4
423440,4
4900,4
361970,4
490090,4
499340,4
450120,4
317720,4
348980,4
350210,4
490980,4
499230,4
3150,4
488330,4
391050,4
405530,4
380860,4
380560,4
306640,4
486630,4
351060,4
329610,4
333430,4
392030,4
450650,4
500660,4
437920,4
423720,4
500580,4
437870,4
350610,4
420900,4
297090,4
333510,4
278150,4
278210,4
380790,4
423550,4
370490,4
10400,4
370390,4
402300,4
407000,4
421610,4
283580,4
497720,4
449250,4
406550,4
495110,4
320000,4
360580,4
382080,4
294580,4
334280,4
402150,4
402030,4
33550,4
434880,4
392080,4
382380,4
449420,4
382180,4
434890,4
434780,4
409730,4
31810,4
38150,4
326230,4
308330,4
350090,4
361560,4
491720,4
280680,4
333830,4
341750,4
498660,4
498580,4
497810,4
356170,4
523482,4
42220,4
382710,4
401990,4
493780,4
281580,4
434480,4
422110,4
395900,4
312240,4
295630,4
502750,4
227900,4
448380,4
452320,4
417060,4
37960,4
359190,4
503010,4
7900,4
478960,4
4100,4
47500,4
411310,4
7990,4
314760,4
502230,4
483680,4
37980,4
501970,4
37990,4
501940,4
344340,4
389900,4
398980,4
453720,4
328550,4
364100,4
316740,4
321350,4
378800,4
440432,4
37900,4
321330,4
405180,4
330210,4
316950,4
504050,4
406350,4
417110,4
368640,4
37940,4
389740,4
293280,4
11060,4
474910,4
424030,4
7910,4
394550,4
438430,4
317080,4
338030,4
338040,4
380100,4
254920,4
224360,4
356390,4
320970,4
390510,4
429530,4
340600,4
405540,4
312360,4
346430,4
390870,4
402470,4
328830,4
380000,4
323020,4
390310,4
340550,3
453680,3
370160,3
343180,3
340570,3
428410,3
450590,3
297720,3
519561,3
37390,3
428340,3
455590,3
37230,3
296030,3
372650,3
322580,3
397740,3
256440,3
428210,3
453810,3
457530,3
523487,3
1920,3
450740,3
370640,3
523320,3
19080,3
519560,3
15940,3
370540,3
372940,3
402590,3
370940,3
37370,3
370150,3
355910,3
37270,3
519530,3
29530,3
314590,3
402593,3
519563,3
402530,3
429120,3
340290,3
370700,3
428110,3
407380,3
456160,3
33780,3
297570,3
450500,3
296210,3
454130,3
15980,3
449940,3
449550,3
456690,3
347470,3
519562,3
453270,3
370220,3
18100,3
322630,3
250200,3
452970,3
371710,3
355030,3
398630,3
449820,3
450140,3
428220,3
296550,3
465720,3
235700,3
314360,3
420210,3
48150,3
481870,3
481890,3
312440,3
305500,3
485040,3
501830,3
344480,3
501800,3
380080,3
485360,3
38020,3
333340,3
334410,3
423950,3
485700,3
485740,3
501180,3
485950,3
348820,3
479150,3
478980,3
379420,3
32130,3
407890,3
37920,3
473670,3
503820,3
37930,3
503710,3
474790,3
475060,3
477910,3
475490,3
47570,3
503340,3
476510,3
476920,3
503140,3
405550,3
395760,3
423810,3
501050,3
403660,3
216210,3
344900,3
415990,3
498830,3
491950,3
408340,3
38170,3
422300,3
492510,3
497812,3
21920,3
494470,3
408640,3
495400,3
497270,3
38240,3
496260,3
496590,3
213570,3
381140,3
381130,3
486840,3
220960,3
380660,3
487330,3
350530,3
488150,3
307410,3
38090,3
499900,3
350430,3
488680,3
408170,3
220823,3
499400,3
39600,3
220420,3
489470,3
344890,3
403670,3
490390,3
47130,3
303860,3
319210,3
504630,3
397440,3
322130,3
375320,3
331460,3
353540,3
20200,3
512710,3
426690,3
512450,3
242480,3
397360,3
24210,3
33510,3
407730,3
343840,3
397330,3
335090,3
24130,3
511140,3
512740,3
353940,3
461410,3
298950,3
33790,3
248270,3
374050,3
247930,3
298790,3
458420,3
458470,3
404290,3
516700,3
313870,3
516510,3
407710,3
24630,3
374713,3
513980,3
427660,3
244290,3
513720,3
344030,3
339320,3
331750,3
384090,3
419810,3
384280,3
466870,3
410370,3
425684,3
425683,3
377880,3
507380,3
468070,3
332150,3
404080,3
378280,3
334930,3
321540,3
425230,3
420100,3
303710,3
344270,3
33500,3
419590,3
463290,3
376770,3
463320,3
51000,3
509930,3
352790,3
376680,3
426170,3
463930,3
301500,3
464490,3
508540,3
352750,3
464620,3
313330,3
376880,3
464820,3
464830,3
465540,3
465930,3
15290,3
338130,3
25840,3
273860,3
447780,3
286480,3
439730,3
367140,3
263180,3
406930,3
446870,3
286750,3
367030,3
327980,3
394160,3
413500,3
359160,3
12540,3
399420,3
432870,3
446480,3
31870,3
389970,3
359090,3
32700,3
363500,3
327960,3
363550,3
440280,3
400710,3
446040,3
363960,3
8060,3
342990,3
446000,3
10660,3
278550,3
433960,3
293140,3
386400,3
437510,3
292990,3
405000,3
437530,3
368290,3
292880,3
368140,3
55190,3
277650,3
323700,3
328100,3
277560,3
318660,3
401290,3
390880,3
386560,3
433590,3
277230,3
433490,3
416800,3
402460,3
276430,3
367710,3
438340,3
316750,3
287740,3
402340,3
444130,3
358610,3
388270,3
406850,3
444350,3
357940,3
316020,3
289320,3
393610,3
388720,3
266470,3
3650,3
444190,3
388680,3
398640,3
393820,3
404660,3
342530,3
443970,3
341270,3
442700,3
2690,3
342630,3
443800,3
393660,3
358240,3
443330,3
289840,3
432080,3
399900,3
444590,3
402471,3
7450,3
316700,3
264400,3
440435,3
412370,3
431460,3
440520,3
327150,3
387870,3
440550,3
364190,3
417310,3
432310,3
346920,3
440810,3
364800,3
366180,3
389270,3
406920,3
366010,3
389200,3
444860,3
366000,3
288830,3
32770,3
441230,3
365870,3
441510,3
357910,3
362160,3
363050,3
358310,3
284680,3
429390,3
436870,3
318350,3
326380,3
281560,3
526460,3
434230,3
36910,3
360890,3
434240,3
284410,3
336930,3
435140,3
328990,3
411680,3
293360,3
448820,3
356290,3
280380,3
436390,3
524030,3
328740,3
429220,3
448880,3
448530,3
317840,3
346090,3
434360,3
347400,3
416380,3
436940,3
449090,3
435800,3
361350,3
434920,3
281240,3
359940,3
336700,3
386320,3
386280,3
449210,3
328890,3
386080,3
386050,3
384100,2
506470,2
392370,2
432480,2
396930,2
378790,2
378070,2
494120,2
348450,2
287780,2
413010,2
494220,2
506660,2
377980,2
494440,2
321600,2
389250,2
440433,2
358700,2
352290,2
332580,2
378930,2
471770,2
349150,2
506670,2
467780,2
467760,2
417350,2
364510,2
471570,2
504750,2
23130,2
358840,2
47110,2
406670,2
497811,2
406440,2
497813,2
378770,2
348510,2
469830,2
327210,2
344260,2
440437,2
470480,2
303720,2
361320,2
383810,2
440436,2
321490,2
287900,2
468740,2
288790,2
420160,2
504400,2
403170,2
383780,2
493400,2
346550,2
270830,2
440790,2
349780,2
468310,2
400470,2
364250,2
436000,2
389650,2
271520,2
413580,2
425685,2
302570,2
365060,2
465060,2
465130,2
409090,2
465170,2
396120,2
360880,2
341820,2
425870,2
282640,2
465310,2
465450,2
377190,2
465510,2
409040,2
301830,2
495700,2
377250,2
301930,2
442180,2
382130,2
365140,2
403070,2
352760,2
289910,2
509290,2
335950,2
360840,2
327490,2
443260,2
464360,2
419500,2
388450,2
352740,2
442890,2
413700,2
238130,2
425900,2
421730,2
432230,2
432240,2
421740,2
6820,2
425820,2
467330,2
407780,2
269710,2
38200,2
441640,2
494830,2
39620,2
432260,2
388980,2
466920,2
302320,2
302360,2
389040,2
403970,2
497700,2
270030,2
321660,2
348440,2
288970,2
50800,2
361040,2
316320,2
289260,2
282370,2
497490,2
400200,2
410660,2
349240,2
403880,2
508590,2
466100,2
466110,2
360990,2
441770,2
269630,2
302170,2
412860,2
495060,2
495010,2
466590,2
34670,2
364880,2
494990,2
425070,2
94303,2
389680,2
491090,2
416530,2
501220,2
401090,2
501190,2
333380,2
485900,2
308060,2
34640,2
486170,2
391440,2
383700,2
500870,2
491030,2
348860,2
500790,2
438090,2
362410,2
433630,2
277540,2
423750,2
501380,2
276750,2
351300,2
501470,2
485160,2
359300,2
438650,2
338890,2
362780,2
38010,2
485350,2
336220,2
433320,2
305860,2
276240,2
346440,2
434270,2
276360,2
338600,2
218860,2
485580,2
362750,2
312390,2
436860,2
423180,2
390920,2
420970,2
488220,2
326520,2
395930,2
391100,2
32650,2
391120,2
362030,2
488550,2
383070,2
499460,2
34630,2
359630,2
220824,2
413480,2
499420,2
488760,2
401550,2
437030,2
279420,2
278510,2
392920,2
307030,2
392790,2
361950,2
277700,2
362380,2
500590,2
390940,2
423700,2
38070,2
326650,2
35030,2
490170,2
500470,2
487620,2
21990,2
278100,2
392970,2
487770,2
416720,2
423270,2
279740,2
391490,2
491510,2
341660,2
432640,2
474870,2
318740,2
474980,2
309900,2
492370,2
37950,2
47520,2
424590,2
304540,2
273790,2
420630,2
379520,2
422940,2
492340,2
424320,2
363430,2
475990,2
476030,2
407940,2
492470,2
21750,2
403270,2
503480,2
406730,2
492630,2
34650,2
492560,2
492530,2
230330,2
473460,2
504240,2
489020,2
473490,2
359080,2
273030,2
379260,2
412410,2
473900,2
217120,2
379350,2
383620,2
474050,2
273850,2
211140,2
409980,2
396680,2
361430,2
390070,2
383270,2
36300,2
379760,2
317060,2
439440,2
439310,2
324830,2
483260,2
326740,2
362940,2
424060,2
390210,2
392610,2
382880,2
305660,2
403780,2
409280,2
480450,2
439750,2
391580,2
479170,2
432950,2
433000,2
379600,2
503100,2
44000,2
502910,2
492220,2
391550,2
478010,2
383530,2
434370,2
381310,2
478950,2
36310,2
286730,2
363070,2
424100,2
339010,2
406261,2
351820,2
519570,2
415000,2
447100,2
330720,2
518100,2
373990,2
457730,2
387430,2
385220,2
263940,2
335770,2
347820,2
402601,2
343070,2
387470,2
19990,2
458170,2
451870,2
402592,2
402602,2
340480,2
291640,2
446490,2
428740,2
402600,2
373670,2
387280,2
355060,2
456720,2
519160,2
447000,2
409360,2
428060,2
407600,2
446830,2
373870,2
366990,2
399610,2
402599,2
368760,2
373800,2
394140,2
263640,2
366844,2
458290,2
329890,2
402603,2
418520,2
385060,2
453790,2
342640,2
347270,2
371230,2
340860,2
299170,2
402606,2
348000,2
385860,2
374706,2
315240,2
451350,2
354310,2
451230,2
357410,2
515020,2
402591,2
427910,2
366460,2
345480,2
458450,2
407690,2
385100,2
355310,2
368890,2
527510,2
458410,2
387540,2
371360,2
386390,2
374701,2
366590,2
394770,2
374380,2
355420,2
402604,2
293820,2
374700,2
371260,2
293400,2
519170,2
514650,2
452440,2
405960,2
453510,2
405860,2
297390,2
252850,2
519578,2
454410,2
372930,2
448060,2
519577,2
354820,2
519576,2
519575,2
354830,2
519574,2
519573,2
343000,2
402597,2
448050,2
520180,2
372250,2
251790,2
368690,2
372430,2
368310,2
522030,2
402598,2
372590,2
368080,2
448230,2
368570,2
368050,2
37280,2
372720,2
261600,2
428270,2
328450,2
521210,2
356870,2
453650,2
520290,2
330130,2
519572,2
373022,2
387270,2
385680,2
402595,2
340990,2
394940,2
402594,2
418160,2
250070,2
452930,2
452860,2
250360,2
385700,2
373470,2
357290,2
347690,2
447200,2
371690,2
428190,2
428180,2
519564,2
519565,2
519571,2
402596,2
453290,2
454530,2
373023,2
399060,2
251020,2
386650,2
16500,2
315450,2
404370,2
519566,2
386710,2
315480,2
373120,2
454700,2
519569,2
340400,2
519568,2
519567,2
374708,2
402605,2
459470,2
450060,2
405670,2
444530,2
388160,2
444420,2
300510,2
462100,2
331480,2
358030,2
402980,2
411620,2
450040,2
512240,2
353280,2
300620,2
365500,2
429160,2
404630,2
300260,2
444670,2
524120,2
243580,2
412150,2
461650,2
299820,2
369390,2
354050,2
523321,2
414260,2
444710,2
369570,2
461700,2
353630,2
448910,2
427100,2
419220,2
375550,2
356090,2
461490,2
443570,2
416240,2
346800,2
406260,2
431850,2
323280,2
443630,2
370080,2
443530,2
444180,2
294590,2
413740,2
376520,2
449520,2
449500,2
50980,2
50950,2
407740,2
345310,2
335930,2
510780,2
365430,2
431810,2
290750,2
431830,2
462950,2
356100,2
259000,2
463030,2
343150,2
511160,2
523481,2
375760,2
444000,2
426590,2
353110,2
365890,2
353550,2
387820,2
295670,2
444870,2
370840,2
405050,2
374714,2
460990,2
265490,2
459540,2
459630,2
374720,2
329480,2
427640,2
460750,2
374718,2
329670,2
411320,2
327910,2
448710,2
374721,2
12260,2
331290,2
264970,2
460560,2
370670,2
384890,2
460230,2
460150,2
514520,2
460340,2
461400,2
461380,2
461480,2
343140,2
374716,2
374715,2
398460,2
523329,1
345790,1
382780,1
383020,1
391590,1
335570,1
314770,1
349250,1
523760,1
311490,1
497380,1
523328,1
382740,1
404420,1
385810,1
523485,1
338110,1
409610,1
498510,1
386090,1
521990,1
500190,1
337760,1
523486,1
347480,1
408960,1
526240,1
415980,1
522570,1
528660,1
527900,1
498450,1
522590,1
314680,1
382250,1
499620,1
496950,1
496990,1
334260,1
523490,1
336630,1
497040,1
317920,1
336530,1
523483,1
418150,1
418170,1
497260,1
382720,1
525640,1
522660,1
498050,1
346240,1
409410,1
382680,1
382650,1
498470,1
498940,1
499330,1
346150,1
416330,1
527810,1
524600,1
404860,1
523323,1
314850,1
347280,1
392730,1
404400,1
416390,1
499100,1
523322,1
394840,1
524540,1
499120,1
499110,1
497790,1
392680,1
314950,1
392260,1
16060,1
392620,1
312020,1
394920,1
523325,1
211070,1
497470,1
349060,1
522990,1
337720,1
16090,1
523327,1
497580,1
499370,1
523326,1
317580,1
523080,1
16020,1
497880,1
404910,1
10480,1
497590,1
385690,1
497670,1
405320,1
210410,1
527890,1
527570,1
523324,1
345990,1
497680,1
391510,1
394930,1
521930,1
394990,1
391000,1
513790,1
316460,1
513770,1
201330,1
513630,1
506840,1
507080,1
507360,1
416260,1
513420,1
513340,1
337450,1
334980,1
417480,1
7250,1
387890,1
389120,1
513260,1
31300,1
348430,1
513240,1
393390,1
7440,1
506550,1
515200,1
6340,1
387780,1
514970,1
393290,1
514890,1
504720,1
404230,1
395580,1
409320,1
384920,1
405070,1
384910,1
416070,1
384010,1
316620,1
408940,1
514170,1
393320,1
505680,1
514160,1
50640,1
337490,1
513150,1
513140,1
388010,1
508280,1
50910,1
510750,1
313190,1
404100,1
51040,1
384650,1
393740,1
51020,1
509190,1
39370,1
388540,1
348280,1
510070,1
509210,1
510040,1
50990,1
345290,1
50930,1
50940,1
404150,1
50970,1
510930,1
511010,1
508990,1
404200,1
393550,1
512630,1
205180,1
512600,1
508380,1
419240,1
388730,1
508490,1
416140,1
384420,1
508960,1
384421,1
384422,1
512080,1
384540,1
511800,1
511360,1
508950,1
388300,1
384750,1
316630,1
387690,1
500380,1
383190,1
347250,1
496630,1
348840,1
501740,1
409530,1
390330,1
312400,1
347170,1
386930,1
394260,1
337650,1
387110,1
8040,1
385350,1
312410,1
312420,1
502120,1
387130,1
61230,1
502150,1
502210,1
347580,1
393170,1
387660,1
418000,1
521540,1
521470,1
39310,1
500570,1
10590,1
390930,1
521450,1
521430,1
383100,1
385580,1
500750,1
383110,1
520470,1
395910,1
336240,1
312310,1
17400,1
501110,1
520090,1
416790,1
348850,1
509440,1
7980,1
502240,1
12670,1
503560,1
517370,1
503770,1
389690,1
503900,1
420570,1
409460,1
50400,1
420500,1
387560,1
417900,1
517350,1
387590,1
517240,1
404270,1
504280,1
387640,1
516040,1
383710,1
314120,1
515570,1
503530,1
517460,1
517550,1
416880,1
502410,1
12660,1
519180,1
348810,1
502740,1
416850,1
405240,1
383540,1
39320,1
518140,1
387500,1
347080,1
503210,1
420670,1
19810,1
347790,1
315680,1
385190,1
503420,1
517660,1
335010,1
360750,1
496600,1
429350,1
369230,1
448650,1
328880,1
369190,1
402492,1
402491,1
328870,1
448540,1
36900,1
402490,1
402489,1
429690,1
411690,1
402488,1
402487,1
402486,1
356710,1
356770,1
448160,1
402493,1
369310,1
349280,1
369620,1
323270,1
449730,1
411550,1
402494,1
411600,1
370140,1
329040,1
449330,1
449320,1
449310,1
398670,1
411610,1
449180,1
356210,1
449120,1
370050,1
398830,1
328930,1
369860,1
367990,1
292680,1
328440,1
448020,1
367050,1
367010,1
399600,1
324090,1
402480,1
431330,1
446590,1
366780,1
399700,1
446470,1
366690,1
357400,1
431360,1
431390,1
431410,1
446100,1
327940,1
366350,1
445900,1
367090,1
328000,1
402481,1
342920,1
328310,1
367800,1
367700,1
399180,1
430290,1
430930,1
402485,1
262510,1
447860,1
447180,1
447800,1
402484,1
447330,1
367340,1
412010,1
402483,1
402482,1
447240,1
323250,1
294730,1
402495,1
354770,1
454460,1
372960,1
372950,1
330500,1
428240,1
354720,1
37290,1
454230,1
397960,1
454170,1
322930,1
372780,1
407340,1
372770,1
407320,1
372670,1
428280,1
453950,1
397970,1
373021,1
414770,1
454520,1
455230,1
37350,1
455990,1
373460,1
340130,1
37340,1
405810,1
455340,1
37330,1
455200,1
454610,1
454950,1
354690,1
397810,1
35470,1
454730,1
454720,1
397820,1
330520,1
340380,1
453740,1
411390,1
453730,1
343250,1
371290,1
371240,1
355510,1
371220,1
329680,1
451200,1
355690,1
451010,1
450710,1
355950,1
340700,1
450290,1
450250,1
370600,1
29520,1
257220,1
450030,1
398620,1
451570,1
322990,1
451900,1
354910,1
453700,1
372260,1
453390,1
453350,1
406020,1
296810,1
372060,1
453130,1
398000,1
451990,1
371850,1
371810,1
452650,1
407100,1
452450,1
355120,1
371430,1
355140,1
445880,1
264420,1
264440,1
279460,1
401310,1
438130,1
401330,1
36240,1
437890,1
433840,1
433890,1
437740,1
285670,1
437520,1
402450,1
324850,1
437340,1
437170,1
412530,1
437100,1
434070,1
437080,1
437020,1
438160,1
438300,1
433580,1
275330,1
433120,1
286520,1
341640,1
274800,1
439550,1
438940,1
362920,1
400940,1
438780,1
277170,1
275830,1
438350,1
27600,1
433400,1
276460,1
362740,1
438330,1
438310,1
434130,1
413470,1
439950,1
36200,1
361330,1
326110,1
326060,1
434490,1
40200,1
434600,1
281900,1
412970,1
435840,1
361020,1
435490,1
435360,1
434820,1
434860,1
360610,1
434870,1
434930,1
282960,1
40210,1
342180,1
436270,1
413220,1
280200,1
326420,1
279840,1
361930,1
36190,1
284910,1
434220,1
36180,1
401780,1
436490,1
281050,1
36170,1
434340,1
436470,1
36160,1
36150,1
406720,1
434390,1
326130,1
274390,1
412480,1
445840,1
441457,1
402473,1
365320,1
443860,1
443700,1
365240,1
443650,1
365200,1
443370,1
432180,1
443250,1
443020,1
289550,1
442260,1
442140,1
364970,1
406263,1
289380,1
269550,1
441680,1
402474,1
266590,1
365560,1
445140,1
402479,1
445730,1
402478,1
357690,1
445310,1
357730,1
402477,1
445210,1
402476,1
365620,1
29110,1
444770,1
402475,1
431630,1
357920,1
444580,1
365760,1
365750,1
342430,1
441453,1
440160,1
441452,1
402472,1
364130,1
440434,1
327100,1
272300,1
400570,1
432490,1
440410,1
363900,1
440330,1
432620,1
341570,1
327000,1
432780,1
273740,1
432850,1
273800,1
400880,1
432990,1
432410,1
440720,1
413510,1
270430,1
289050,1
441451,1
441450,1
406300,1
364670,1
270230,1
364590,1
413610,1
288690,1
358760,1
288670,1
288630,1
440870,1
440800,1
341460,1
440770,1
400500,1
364240,1
456000,1
456130,1
456540,1
479110,1
351420,1
403460,1
485340,1
485270,1
485240,1
485110,1
484890,1
483970,1
321070,1
483950,1
483820,1
338960,1
403440,1
409990,1
481950,1
333100,1
305460,1
480690,1
480500,1
333290,1
338630,1
485590,1
306370,1
486850,1
409970,1
486480,1
486470,1
380540,1
486350,1
486300,1
486290,1
486230,1
485600,1
38030,1
485880,1
485860,1
351170,1
320890,1
403490,1
485640,1
403470,1
403400,1
479020,1
222500,1
37970,1
396730,1
473540,1
424760,1
332630,1
473470,1
425040,1
321310,1
472770,1
407880,1
471270,1
471260,1
471220,1
303880,1
471160,1
470280,1
410150,1
321450,1
470140,1
470060,1
473800,1
473810,1
229660,1
477010,1
479010,1
479000,1
379670,1
332810,1
477950,1
477800,1
415610,1
410050,1
424310,1
33270,1
379530,1
476410,1
332730,1
475080,1
474230,1
351810,1
379370,1
407891,1
338590,1
423740,1
469560,1
216930,1
215374,1
310990,1
494680,1
494460,1
494370,1
338300,1
493920,1
349750,1
349760,1
310640,1
493720,1
422140,1
38190,1
381890,1
381850,1
493380,1
38180,1
422210,1
422270,1
494790,1
494970,1
494980,1
421890,1
382160,1
496490,1
39610,1
496350,1
496310,1
214210,1
349300,1
349320,1
496230,1
334100,1
496180,1
496030,1
421900,1
495720,1
495470,1
495320,1
495300,1
349670,1
492660,1
409910,1
487380,1
422860,1
489580,1
423460,1
381050,1
488960,1
488720,1
307620,1
220980,1
488590,1
350330,1
488360,1
307560,1
380990,1
350490,1
396530,1
487600,1
487590,1
487580,1
487530,1
423650,1
489890,1
489900,1
489910,1
491580,1
381610,1
38160,1
492280,1
396320,1
492270,1
308560,1
492080,1
491620,1
409920,1
423220,1
491240,1
491210,1
491070,1
21950,1
490990,1
396390,1
490490,1
490380,1
469600,1
468930,1
456570,1
322440,1
374745,1
374744,1
374743,1
374742,1
374722,1
460780,1
374719,1
244830,1
414850,1
374717,1
402608,1
459680,1
374712,1
374711,1
374710,1
459520,1
459510,1
354280,1
374709,1
414860,1
374746,1
461360,1
353300,1
241680,1
462830,1
331580,1
300630,1
24220,1
42660,1
462400,1
375450,1
353340,1
243890,1
462130,1
402880,1
339530,1
375160,1
353610,1
339540,1
339560,1
405700,1
402607,1
374707,1
397320,1
24620,1
427970,1
458030,1
354560,1
24820,1
24830,1
457770,1
457690,1
428020,1
428040,1
457660,1
298420,1
373860,1
373810,1
457450,1
298300,1
340110,1
456980,1
456830,1
456780,1
458110,1
374150,1
322550,1
374703,1
427860,1
459040,1
374705,1
331210,1
427890,1
374704,1
299090,1
458750,1
374702,1
397670,1
246820,1
299010,1
414810,1
458510,1
407700,1
458380,1
339840,1
458370,1
375680,1
300910,1
468900,1
344100,1
403130,1
467170,1
467120,1
302370,1
466820,1
321710,1
352450,1
415140,1
425687,1
425688,1
410540,1
466350,1
466050,1
403090,1
352580,1
465890,1
465860,1
39710,1
465750,1
467220,1
332370,1
467520,1
468060,1
378570,1
352050,1
378390,1
46840,1
468320,1
303310,1
468160,1
468080,1
425410,1
344160,1
468050,1
352170,1
378090,1
425450,1
467890,1
467790,1
302810,1
234100,1
377200,1
397140,1
24150,1
377120,1
410770,1
463520,1
352850,1
463460,1
397200,1
463440,1
301260,1
407760,1
376110,1
397240,1
463130,1
463120,1
331660,1
343990,1
397310,1
353260,1
463070,1
24140,1
375740,1
397190,1
463750,1
463760,1
464690,1
377100,1
465190,1
465150,1
465070,1
465050,1
465000,1
464880,1
377040,1
464670,1
397180,1
464440,1
464380,1
464120,1
376750,1
464100,1
464080,1
321940,1
463800,1
365090,1
